Dept.,Course Code,Course Title,Section,Teacher,Exam Date,Exam Time,Room
BSCSE,CSE 4509/CSI 309,Operating System Concepts/Operating Systems,A,ARnA,"December 14, 2024",09:00 AM - 11:00 AM,701 (011182110-011203014)                                                                                                                                                                                                                       702 (011203027-011222150)
BSCSE,CSE 4509/CSI 309,Operating System Concepts/Operating Systems,B,ARnA,"December 14, 2024",09:00 AM - 11:00 AM,425 (011181193-011203024)                                                                                                                                                                                                                       428 (011203040-0112230954)
BSCSE,CSE 4509/CSI 309,Operating System Concepts/Operating Systems,C,ARnA,"December 14, 2024",09:00 AM - 11:00 AM,803 (011162018-011201420)                                                                                                                                                                                                                       804 (011201466-011222025)
BSEEE,EEE 4317/EEE 457,Mobile Cellular Communication,A,RM,"December 14, 2024",09:00 AM - 11:00 AM,432 (021162038-021213010)
BSCSE,ENG 1011,English I,AA,SaFe,"December 14, 2024",09:00 AM - 11:00 AM,432 (0112330190-0112430028)                                                                                                                                                                                                                       601 (0112430029-0112430728)
BSCSE,ENG 1011,English I,AB,NB,"December 14, 2024",09:00 AM - 11:00 AM,602 (0112410505-0112430052)                                                                                                                                                                                                                       603 (0112430053-0152430105)
BSCSE,ENG 1011,English I,AC,SSh,"December 14, 2024",09:00 AM - 11:00 AM,604 (0112330241-0112430083)                                                                                                                                                                                                                       605 (0112430084-0112430731)
BSCSE,ENG 1011,English I,AE,SMMS,"December 14, 2024",09:00 AM - 11:00 AM,630 (0112420552-0112430145)                                                                                                                                                                                                                       631 (0112430146-0152430104)
BSCSE,ENG 1011,English I,AF,MZK,"December 14, 2024",09:00 AM - 11:00 AM,632 (0112330974-0112430166)                                                                                                                                                                                                                       701 (0112430167-0152430107)
BSCSE,ENG 1011,English I,AG,SaHn,"December 14, 2024",09:00 AM - 11:00 AM,702 (0112410050-0112430200)                                                                                                                                                                                                                       703 (0112430201-0112430605)
BSCSE,ENG 1011,English I,AH,ChMR,"December 14, 2024",09:00 AM - 11:00 AM,706 (0112320080-0112430235)                                                                                                                                                                                                                       707 (0112430236-0112430744)
BSCSE,ENG 1011,English I,AI,AnAn,"December 14, 2024",09:00 AM - 11:00 AM,708 (0112310322-0112430265)                                                                                                                                                                                                                       711 (0112430266-0152430106)
BSCSE,ENG 1011,English I,AJ,AnAn,"December 14, 2024",09:00 AM - 11:00 AM,722 (0112330207-0112430294)                                                                                                                                                                                                                       723 (0112430297-0112430727)
BSCSE,ENG 1011,English I,AK,SSh,"December 14, 2024",09:00 AM - 11:00 AM,801 (0112430283-0112430325)                                                                                                                                                                                                                       802 (0112430327-0112430739)
BSCSE,ENG 1011,English I,AL,ChMR,"December 14, 2024",09:00 AM - 11:00 AM,803 (0112420099-0112430347)                                                                                                                                                                                                                       804 (0112430348-0152430064)
BSCSE,ENG 1011,English I,AM,AArSh,"December 14, 2024",09:00 AM - 11:00 AM,805 (0112330761-0112430376)                                                                                                                                                                                                                       806 (0112430377-0112430741)
BSCSE,ENG 1011,English I,AN,ChMR,"December 14, 2024",09:00 AM - 11:00 AM,304 (0112330200-0112430465)                                                                                                                                                                                                                       305 (0112430466-0112430726)
BSCSE,ENG 1011,English I,AO,AShK,"December 14, 2024",09:00 AM - 11:00 AM,306 (011213120-0112430480)                                                                                                                                                                                                                       307 (0112430481-0112430732)
BSCSE,ENG 1011,English I,AP,SMMS,"December 14, 2024",09:00 AM - 11:00 AM,308 (0112430494-0112430573)                                                                                                                                                                                                                       309 (0112430574-0112430733)
BSCSE,ENG 1011,English I,AR,SMMS,"December 14, 2024",09:00 AM - 11:00 AM,322 (0112420266-0112430659)                                                                                                                                                                                                                       323 (0112430660-0152430100)
BSDS,ENG 1011,English I,BA,AnAn,"December 14, 2024",09:00 AM - 11:00 AM,425 (0112410134-0152430010)                                                                                                                                                                                                                       428 (0152430011-0152430079)
BSDS,ENG 1011,English I,BB,NB,"December 14, 2024",09:00 AM - 11:00 AM,329 (0112420418-0152430050)                                                                                                                                                                                                                       330 (0152430051-0152430077)
BSEEE,ENG 1011,English I,P,ShMSh,"December 14, 2024",09:00 AM - 11:00 AM,407 (0112430745-0212430089)
BSEEE,ENG 1011,English I,Q,SaFe,"December 14, 2024",09:00 AM - 11:00 AM,410 (0112330597-0212430013)                                                                                                                                                                                                                       423 (0212430014-0212430090)
BSEEE,ENG 1011,English I,R,AShK,"December 14, 2024",09:00 AM - 11:00 AM,303 (0212330035-0212430091)
BSCSE,ENG 1011/ENG 1105,English I/Intensive English I,AD,SaHn,"December 14, 2024",09:00 AM - 11:00 AM,324 (011202200-0112430112)                                                                                                                                                                                                                       325 (0112430113-0152410072)
BSCSE,IPE 3401,Industrial and Operational Management,C,WF,"December 14, 2024",09:00 AM - 11:00 AM,328 (011192087-0112230581)                                                                                                                                                                                                                       329 (0112230610-0112331099)
BSCSE,IPE 3401,Industrial and Operational Management,E,WF,"December 14, 2024",09:00 AM - 11:00 AM,330 (011192034-0112230210)                                                                                                                                                                                                                       401 (0112230250-0112330863)
BSCSE,IPE 3401,Industrial and Operational Management,F,MFI,"December 14, 2024",09:00 AM - 11:00 AM,402 (011193018-011222252)                                                                                                                                                                                                                       403 (011222314-0112330700)
BSCSE,IPE 3401/IPE 401,Industrial and Operational Management/Industrial Management,A,MFI,"December 14, 2024",09:00 AM - 11:00 AM,404 (011182034-0112230561)                                                                                                                                                                                                                       405 (0112230604-0152330080)
BSCSE,IPE 3401/IPE 401,Industrial and Operational Management/Industrial Management,B,MFI,"December 14, 2024",09:00 AM - 11:00 AM,406 (011202132-0112310399)                                                                                                                                                                                                                       407 (0112310586-0152330150)
BSCSE,IPE 3401/IPE 401,Industrial and Operational Management/Industrial Management,D,MFI,"December 14, 2024",09:00 AM - 11:00 AM,408 (011191060-011222242)                                                                                                                                                                                                                       409 (011222302-0112410347)
BSCSE,IPE 3401/IPE 401,Industrial and Operational Management/Industrial Management,G,WF,"December 14, 2024",09:00 AM - 11:00 AM,410 (011181104-0112230211)                                                                                                                                                                                                                       423 (0112230222-0112410090)
BSEEE,EEE 301/EEE 3107,Electrical Properties of Materials,A,IBC,"December 14, 2024",11:30 AM - 01:30 PM,324 (021201036-0212230112)
BSEEE,EEE 301/EEE 3107,Electrical Properties of Materials,B,IBC,"December 14, 2024",11:30 AM - 01:30 PM,325 (021201069-0212230107)
BSEEE,EEE 305/EEE 3205,Power System,A,HB,"December 14, 2024",11:30 AM - 01:30 PM,328 (021131165-021221024)
BSEEE,EEE 305/EEE 3205,Power System,B,SMLK,"December 14, 2024",11:30 AM - 01:30 PM,329 (021181027-021203003)                                                                                                                                                                                                                       330 (021203004-021221101)
BSCSE,ENG 1013,English II,AA,SaHn,"December 14, 2024",11:30 AM - 01:30 PM,605 (0112320279-0112420344)                                                                                                                                                                                                                       630 (0112420384-0112420720)
BSCSE,ENG 1013,English II,AB,NB,"December 14, 2024",11:30 AM - 01:30 PM,631 (0112410007-0152420008)
BSCSE,ENG 1013,English II,AC,SaFe,"December 14, 2024",11:30 AM - 01:30 PM,632 (011213090-0112420346)                                                                                                                                                                                                                       701 (0112420350-0112420730)
BSCSE,ENG 1013,English II,AD,EHaq,"December 14, 2024",11:30 AM - 01:30 PM,702 (0112230343-0112430109)
BSCSE,ENG 1013,English II,AE,SMMS,"December 14, 2024",11:30 AM - 01:30 PM,703 (0112310143-0112420460)                                                                                                                                                                                                                       706 (0112420488-0152420021)
BSCSE,ENG 1013,English II,AF,RnIm,"December 14, 2024",11:30 AM - 01:30 PM,707 (011222047-0112420065)                                                                                                                                                                                                                       708 (0112420070-0112420727)
BSCSE,ENG 1013,English II,AG,EHaq,"December 14, 2024",11:30 AM - 01:30 PM,711 (0112310018-0112420246)                                                                                                                                                                                                                       722 (0112420249-0152420027)
BSCSE,ENG 1013,English II,AH,ShMSh,"December 14, 2024",11:30 AM - 01:30 PM,723 (0112410058-0112420580)
BSCSE,ENG 1013,English II,AI,SaHn,"December 14, 2024",11:30 AM - 01:30 PM,801 (011222272-0112420286)                                                                                                                                                                                                                       802 (0112420294-0112420718)
BSCSE,ENG 1013,English II,AJ,AShK,"December 14, 2024",11:30 AM - 01:30 PM,803 (011221472-0112420327)                                                                                                                                                                                                                       804 (0112420336-0112420722)
BSCSE,ENG 1013,English II,AK,ShMSh,"December 14, 2024",11:30 AM - 01:30 PM,805 (0112320009-0112420354)                                                                                                                                                                                                                       806 (0112420356-0152420025)
BSCSE,ENG 1013,English II,AM,KhJS,"December 14, 2024",11:30 AM - 01:30 PM,304 (0112320101-0112420505)                                                                                                                                                                                                                       305 (0112420506-0152420020)
BSCSE,ENG 1013,English II,AN,ShAHu,"December 14, 2024",11:30 AM - 01:30 PM,306 (0112230859-0112420324)                                                                                                                                                                                                                       307 (0112420330-0112420729)
BSCSE,ENG 1013,English II,AO,RnIm,"December 14, 2024",11:30 AM - 01:30 PM,308 (0112230730-0112420283)                                                                                                                                                                                                                       309 (0112420290-0152420026)
BSEEE,ENG 1013,English II,P,ShMSh,"December 14, 2024",11:30 AM - 01:30 PM,401 (021222037-0212420068)
BSEEE,ENG 1013,English II,Q,AnAn,"December 14, 2024",11:30 AM - 01:30 PM,402 (0212310028-0212420081)
BSEEE,ENG 1013,English II,R,KhJS,"December 14, 2024",11:30 AM - 01:30 PM,403 (0212420002-0212420078)
BSCSE,ENG 1013/ENG 1207,English II/Intensive English II,AL,NB,"December 14, 2024",11:30 AM - 01:30 PM,322 (011202037-0112420325)                                                                                                                                                                                                                       323 (0112420333-0112420706)
BSCSE,CSE 313/CSE 3313,Computer Architecture,C,RHn,"December 14, 2024",02:00 PM - 04:00 PM,404 (011153072-0112230212)                                                                                                                                                                                                                       405 (0112230215-0112310497)
BSCSE,CSE 313/CSE 3313,Computer Architecture,D,SAhSh,"December 14, 2024",02:00 PM - 04:00 PM,406 (011172045-0112230592)                                                                                                                                                                                                                       407 (0112230636-0112310535)
BSCSE,CSE 313/CSE 3313,Computer Architecture,E,RHn,"December 14, 2024",02:00 PM - 04:00 PM,408 (011162047-0112230383)                                                                                                                                                                                                                       409 (0112230469-0112310594)
BSCSE,CSE 3313,Computer Architecture,A,SAhSh,"December 14, 2024",02:00 PM - 04:00 PM,410 (011191246-0112230487)                                                                                                                                                                                                                       423 (0112230663-0112310568)
BSCSE,CSE 3313,Computer Architecture,B,RaK,"December 14, 2024",02:00 PM - 04:00 PM,425 (011192094-0112230213)                                                                                                                                                                                                                       428 (0112230292-0112310269)
BSCSE,CSE 3313,Computer Architecture,F,TaSa,"December 14, 2024",02:00 PM - 04:00 PM,325 (011203038-0112230438)                                                                                                                                                                                                                       328 (0112230458-0112310483)
BSCSE,CSE 3313,Computer Architecture,G,AHAF,"December 14, 2024",02:00 PM - 04:00 PM,329 (011213094-0112230624)                                                                                                                                                                                                                       330 (0112230638-0112310489)
BSCSE,CSE 3313,Computer Architecture,H,RaK,"December 14, 2024",02:00 PM - 04:00 PM,602 (011201248-0112230208)                                                                                                                                                                                                                       603 (0112230210-0112310423)
BSCSE,CSE 3313,Computer Architecture,I,AHAF,"December 14, 2024",02:00 PM - 04:00 PM,604 (011183016-0112230300)                                                                                                                                                                                                                       605 (0112230301-0112320037)
BSCSE,CSE 3313,Computer Architecture,J,AHAF,"December 14, 2024",02:00 PM - 04:00 PM,630 (011203022-0112310006)                                                                                                                                                                                                                       631 (0112310010-0112310597)
BSCSE,CSE 3313,Computer Architecture,K,RaK,"December 14, 2024",02:00 PM - 04:00 PM,632 (011192148-0112230496)                                                                                                                                                                                                                       701 (0112230558-0112310530)
BSCSE,CSE 4889,Machine Learning,B,SaIs,"December 14, 2024",02:00 PM - 04:00 PM,630 (011183008-011212151)                                                                                                                                                                                                                       631 (011213025-011222063)
BSCSE,CSE 4889/CSE 489,Machine Learning,A,DMF,"December 14, 2024",02:00 PM - 04:00 PM,632 (011182073-011221450)
BSEEE,EEE 2101,Electronics I,A,RaBr,"December 14, 2024",02:00 PM - 04:00 PM,602 (021193017-0212330055)                                                                                                                                                                                                                       603 (0212330061-0212410042)
BSEEE,EEE 2101,Electronics I,B,RaBr,"December 14, 2024",02:00 PM - 04:00 PM,604 (021201046-0212410002)                                                                                                                                                                                                                       605 (0212410004-0212410046)
BSEEE,EEE 401/EEE 4109,Control System,A,MKMR,"December 14, 2024",02:00 PM - 04:00 PM,708 (021131142-021193027)                                                                                                                                                                                                                       711 (021201006-021213032)
BSEEE,MAT 2109/MATH 201,Coordinate Geometry and Vector Analysis,A,TN,"December 14, 2024",02:00 PM - 04:00 PM,706 (021201037-0212230113)                                                                                                                                                                                                                       707 (0212310016-0212330028)
BSEEE,MAT 2109/MATH 201,Coordinate Geometry and Vector Analysis,B,TN,"December 14, 2024",02:00 PM - 04:00 PM,722 (021201048-0212330128)
BSCSE,MATH 183/MATH 2183,"Calculus and Linear Algebra/Linear Algebra, Ordinary & Partial Differential Equations",F,ShIA,"December 14, 2024",02:00 PM - 04:00 PM,701 (011171104-0112420513)
BSDS,MATH 2107,Linear Algebra,BA,AkAd,"December 14, 2024",02:00 PM - 04:00 PM,402 (0152330001-0152410013)                                                                                                                                                                                                                       403 (0152410014-0152410071)
BSDS,MATH 2107,Linear Algebra,BB,AkAd,"December 14, 2024",02:00 PM - 04:00 PM,601 (0152330044-0152420017)
BSCSE,MATH 2107/MATH 2183,Calculus and Linear Algebra/Linear Algebra,M,JFK,"December 14, 2024",02:00 PM - 04:00 PM,702 (011211113-0112410079)                                                                                                                                                                                                                       703 (0112410092-015222005)
BSCSE,MATH 2183,Calculus and Linear Algebra,A,MoIm,"December 14, 2024",02:00 PM - 04:00 PM,702 (011201269-0112410128)                                                                                                                                                                                                                       703 (0112410147-0112420623)
BSCSE,MATH 2183,Calculus and Linear Algebra,B,TN,"December 14, 2024",02:00 PM - 04:00 PM,706 (011222078-0112410035)                                                                                                                                                                                                                       707 (0112410041-0112410544)
BSCSE,MATH 2183,Calculus and Linear Algebra,C,SamAr,"December 14, 2024",02:00 PM - 04:00 PM,708 (011193072-0112410022)                                                                                                                                                                                                                       711 (0112410067-0112410495)
BSCSE,MATH 2183,Calculus and Linear Algebra,D,NPn,"December 14, 2024",02:00 PM - 04:00 PM,722 (011201363-0112410043)                                                                                                                                                                                                                       723 (0112410062-0112420715)
BSCSE,MATH 2183,Calculus and Linear Algebra,E,NPn,"December 14, 2024",02:00 PM - 04:00 PM,801 (011183084-0112310323)                                                                                                                                                                                                                       802 (0112320018-0112410538)
BSCSE,MATH 2183,Calculus and Linear Algebra,G,SamAr,"December 14, 2024",02:00 PM - 04:00 PM,803 (011191086-0112310171)                                                                                                                                                                                                                       804 (0112310174-0112410532)
BSCSE,MATH 2183,Calculus and Linear Algebra,H,MMBK,"December 14, 2024",02:00 PM - 04:00 PM,805 (011221396-0112331018)                                                                                                                                                                                                                       806 (0112331027-0112410537)
BSCSE,MATH 2183,Calculus and Linear Algebra,I,MdAIm,"December 14, 2024",02:00 PM - 04:00 PM,304 (011201339-0112330064)                                                                                                                                                                                                                       305 (0112330283-0112410514)
BSCSE,MATH 2183,Calculus and Linear Algebra,K,NPn,"December 14, 2024",02:00 PM - 04:00 PM,306 (0112230867-0112410528)
BSCSE,MATH 2183,Calculus and Linear Algebra,L,MoIm,"December 14, 2024",02:00 PM - 04:00 PM,307 (011211080-0112410522)
BSCSE,MATH 2183,Calculus and Linear Algebra,N,NPn,"December 14, 2024",02:00 PM - 04:00 PM,308 (011191001-0112330209)                                                                                                                                                                                                                       309 (0112330313-0112420492)
BSCSE,MATH 2183,Calculus and Linear Algebra,O,RaRa,"December 14, 2024",02:00 PM - 04:00 PM,322 (011211085-0112330778)                                                                                                                                                                                                                       323 (0112330857-0112410540)
BSCSE,MATH 2183,Calculus and Linear Algebra,P,MoIm,"December 14, 2024",02:00 PM - 04:00 PM,324 (011213211-0112410546)
BSCSE,MATH 2183,Calculus and Linear Algebra,Q,RaRa,"December 14, 2024",02:00 PM - 04:00 PM,325 (011213085-0112410524)
BSCSE,MATH 2183,Calculus and Linear Algebra,R,ShIA,"December 14, 2024",02:00 PM - 04:00 PM,328 (011213189-0112420363)
BSCSE,SOC 101/SOC 2101,"Society, Environment and Engineering Ethics/Society, Technology and Engineering Ethics",B,TMT,"December 14, 2024",02:00 PM - 04:00 PM,329 (011163013-0112310515)                                                                                                                                                                                                                       330 (0112310521-0112410405)
BSCSE,SOC 101/SOC 2101/SOC 2102,"Society, Environment and Computing Ethics/Society, Environment and Engineering Ethics/Society, Technology and Engineering Ethics",C,NaSa,"December 14, 2024",02:00 PM - 04:00 PM,401 (011171008-0112330030)                                                                                                                                                                                                                       402 (0112330036-0112420627)
BSCSE,SOC 101/SOC 2101/SOC 2102,"Society, Environment and Computing Ethics/Society, Environment and Engineering Ethics/Society, Technology and Engineering Ethics",G,SKS,"December 14, 2024",02:00 PM - 04:00 PM,403 (011181193-0112310179)                                                                                                                                                                                                                       404 (0112310247-0152310004)
BSCSE,SOC 2101,"Society, Environment and Engineering Ethics",F,FaAM,"December 14, 2024",02:00 PM - 04:00 PM,405 (011213088-0112320143)                                                                                                                                                                                                                       406 (0112320144-0112420465)
BSCSE,SOC 2101/SOC 2102,"Society, Environment and Computing Ethics/Society, Environment and Engineering Ethics",A,MD,"December 14, 2024",02:00 PM - 04:00 PM,407 (011211021-0112320140)                                                                                                                                                                                                                       408 (0112320151-0152310002)
BSCSE,SOC 2101/SOC 2102,"Society, Environment and Computing Ethics/Society, Environment and Engineering Ethics",D,TMT,"December 14, 2024",02:00 PM - 04:00 PM,409 (011202023-0112310591)                                                                                                                                                                                                                       410 (0112320002-0152330129)
BSCSE,SOC 2101/SOC 2102,"Society, Environment and Computing Ethics/Society, Environment and Engineering Ethics",E,FaAM,"December 14, 2024",02:00 PM - 04:00 PM,423 (011221112-0112310036)                                                                                                                                                                                                                       425 (0112310073-0152420002)
BSCSE,SOC 2101/SOC 2102,"Society, Environment and Computing Ethics/Society, Environment and Engineering Ethics",H,FaAM,"December 14, 2024",02:00 PM - 04:00 PM,428 (011193147-0112320289)                                                                                                                                                                                                                       429 (0112330025-0152330065)
BSCSE,CSE 4611/CSI 411,Compiler/Compiler Design,A,NSS,"December 15, 2024",09:00 AM - 11:00 AM,703 (011163028-011203006)                                                                                                                                                                                                                       706 (011203007-0112230191)
BSEEE,MAT 1103,Calculus II,A,AM,"December 15, 2024",09:00 AM - 11:00 AM,706 (021213015-0212330161)                                                                                                                                                                                                                       707 (0212410023-0212420079)
BSEEE,MAT 1103,Calculus II,C,AM,"December 15, 2024",09:00 AM - 11:00 AM,708 (0212230065-0212420030)                                                                                                                                                                                                                       711 (0212420031-0212420081)
BSEEE,MAT 1103/MATH 151,Calculus II/Differential and Integral Calculus,B,AM,"December 15, 2024",09:00 AM - 11:00 AM,707 (021181106-0212420082)
BSEEE,SOC 101/SOC 3101,"Society, Environment and Engineering Ethics/Society, Technology and Engineering Ethics",I,JJM,"December 15, 2024",09:00 AM - 11:00 AM,303 (021193010-021221037)                                                                                                                                                                                                                       304 (021221045-0212230112)
BSCSE,CSE 425/CSE 4325,"Microprocessor, Microcontroller and Interfacing/Microprocessors and Microcontrollers",A,MSTR,"December 15, 2024",11:30 AM - 01:30 PM,304 (011181303-011221088)                                                                                                                                                                                                                       305 (011221097-0112230705)
BSCSE,CSE 425/CSE 4325,"Microprocessor, Microcontroller and Interfacing/Microprocessors and Microcontrollers",C,KMRH,"December 15, 2024",11:30 AM - 01:30 PM,306 (011173025-011213207)                                                                                                                                                                                                                       307 (011213208-0112230839)
BSCSE,CSE 425/CSE 4325,"Microprocessor, Microcontroller and Interfacing/Microprocessors and Microcontrollers",D,MSTR,"December 15, 2024",11:30 AM - 01:30 PM,308 (011172130-011221146)                                                                                                                                                                                                                       309 (011221150-011222280)
BSCSE,CSE 4325,Microprocessors and Microcontrollers,B,MSTR,"December 15, 2024",11:30 AM - 01:30 PM,303 (011191147-011221165)                                                                                                                                                                                                                       306 (011221167-0112230274)
BSEEE,EEE 207/EEE 2103,Electronics II,A,RaBr,"December 15, 2024",11:30 AM - 01:30 PM,323 (021173038-0212330162)
BSEEE,EEE 207/EEE 2103,Electronics II,B,SdM,"December 15, 2024",11:30 AM - 01:30 PM,308 (021201050-0212330045)                                                                                                                                                                                                                       309 (0212330065-0212330160)
BSEEE,EEE 207/EEE 2103,Electronics II,C,SdM,"December 15, 2024",11:30 AM - 01:30 PM,322 (021131142-0212330165)
BSEEE,IPE 401/IPE 4101,Industrial Management/Industrial Production Engineering,A,WF,"December 15, 2024",11:30 AM - 01:30 PM,303 (021171036-021203013)                                                                                                                                                                                                                       304 (021211014-021221105)
BSCSE,ACT 2111,Financial and Managerial Accounting,A,IJ,"December 15, 2024",02:00 PM - 04:00 PM,304 (011183077-0112230931)                                                                                                                                                                                                                       305 (0112230979-0152420018)
BSCSE,ACT 2111,Financial and Managerial Accounting,B,IJ,"December 15, 2024",02:00 PM - 04:00 PM,306 (011193124-011221602)                                                                                                                                                                                                                       307 (011222022-0152430075)
BSEEE,CSE 4327/EEE 4121/EEE 441,VLSI Design,A,MdZA,"December 15, 2024",02:00 PM - 04:00 PM,328 (011193057-0212310077)
BSCSE,CSE 4893/CSE 493,Introduction to Bioinformatics,A,RtAm,"December 15, 2024",02:00 PM - 04:00 PM,305 (011183104-011221119)
BSEEE,EEE 203/EEE 2201,Energy Conversion I,A,NAD,"December 15, 2024",02:00 PM - 04:00 PM,329 (021131142-021222012)                                                                                                                                                                                                                       330 (021222021-0212320013)
BSEEE,EEE 203/EEE 2201,Energy Conversion I,B,MFK,"December 15, 2024",02:00 PM - 04:00 PM,401 (021171016-0212230010)                                                                                                                                                                                                                       402 (0212230018-0212310076)
BSCSE,MATH 2205,Probability and Statistics,B,MUn,"December 15, 2024",02:00 PM - 04:00 PM,303 (011211026-0152420009)
BSCSE,MATH 2205,Probability and Statistics,D,MUn,"December 15, 2024",02:00 PM - 04:00 PM,307 (011201036-0112331050)
BSCSE,MATH 2205,Probability and Statistics,E,MoIm,"December 15, 2024",02:00 PM - 04:00 PM,308 (011201066-0112230148)                                                                                                                                                                                                                       309 (0112230149-0112330987)
BSCSE,MATH 2205,Probability and Statistics,F,SamAr,"December 15, 2024",02:00 PM - 04:00 PM,322 (011201082-0112231023)                                                                                                                                                                                                                       323 (0112231030-0112330171)
BSCSE,MATH 2205,Probability and Statistics,I,SamAr,"December 15, 2024",02:00 PM - 04:00 PM,324 (011201401-0112310049)                                                                                                                                                                                                                       325 (0112310106-0112410471)
BSCSE,MATH 2205/STAT 205,Probability and Statistics,A,JAS,"December 15, 2024",02:00 PM - 04:00 PM,405 (011181042-0112230717)                                                                                                                                                                                                                       406 (0112230728-0112320272)
BSCSE,MATH 2205/STAT 205,Probability and Statistics,C,JAS,"December 15, 2024",02:00 PM - 04:00 PM,403 (011171257-0112230946)                                                                                                                                                                                                                       404 (0112230972-0112330381)
BSCSE,MATH 2205/STAT 205,Probability and Statistics,G,SamAr,"December 15, 2024",02:00 PM - 04:00 PM,401 (011163060-0112310043)                                                                                                                                                                                                                       402 (0112310050-0112330687)
BSCSE,MATH 2205/STAT 205,Probability and Statistics,H,MUn,"December 15, 2024",02:00 PM - 04:00 PM,328 (011162003-0112330457)
BSCSE,MATH 2205/STAT 205,Probability and Statistics,J,MoIm,"December 15, 2024",02:00 PM - 04:00 PM,329 (011183048-0112230512)                                                                                                                                                                                                                       330 (0112230556-0152420003)
BSCSE,CSE 3811,Artificial Intelligence,B,AHMOH,"December 17, 2024",09:00 AM - 11:00 AM,401 (011192094-0112230209)                                                                                                                                                                                                                       402 (0112230217-0112231045)
BSCSE,CSE 3811,Artificial Intelligence,C,SMTT,"December 17, 2024",09:00 AM - 11:00 AM,403 (011193120-0112230009)                                                                                                                                                                                                                       404 (0112230101-0112410442)
BSCSE,CSE 3811,Artificial Intelligence,F,MTR,"December 17, 2024",09:00 AM - 11:00 AM,405 (011211038-011222188)                                                                                                                                                                                                                       406 (011222189-0112410047)
BSCSE,CSE 3811,Artificial Intelligence,G,AHMOH,"December 17, 2024",09:00 AM - 11:00 AM,407 (011201175-0112230300)                                                                                                                                                                                                                       408 (0112230352-0112310459)
BSCSE,CSE 3811,Artificial Intelligence,H,TBD,"December 17, 2024",09:00 AM - 11:00 AM,409 (011183006-011221435)                                                                                                                                                                                                                       410 (011221446-0112230573)
BSCSE,CSE 3811/CSI 341,Artificial Intelligence,A,MTR,"December 17, 2024",09:00 AM - 11:00 AM,303 (011181007-0112230295)                                                                                                                                                                                                                       304 (0112230360-0112330794)
BSCSE,CSE 3811/CSI 341,Artificial Intelligence,D,ShAhd,"December 17, 2024",09:00 AM - 11:00 AM,305 (011153072-011221113)                                                                                                                                                                                                                       306 (011221118-0112331150)
BSCSE,CSE 3811/CSI 341,Artificial Intelligence,E,MTR,"December 17, 2024",09:00 AM - 11:00 AM,307 (011131140-011222081)                                                                                                                                                                                                                       308 (011222177-0112231047)
BSCSE,CSE 4451,Human Computer Interaction,A,TaHn,"December 17, 2024",09:00 AM - 11:00 AM,409 (011192095-011202182)                                                                                                                                                                                                                       410 (011202279-011221227)
BSCSE,CSE 4451,Human Computer Interaction,B,TaHn,"December 17, 2024",09:00 AM - 11:00 AM,423 (011191017-011202099)                                                                                                                                                                                                                       425 (011202173-011221592)
BSEEE,EEE 205/EEE 2203,Energy Conversion II,A,IA,"December 17, 2024",09:00 AM - 11:00 AM,423 (021173038-021221086)                                                                                                                                                                                                                       425 (021221103-0212230127)
BSEEE,MAT 1101,Calculus I,A,MMBK,"December 17, 2024",09:00 AM - 11:00 AM,428 (0212230058-0212430011)                                                                                                                                                                                                                       429 (0212430012-0212430090)
BSEEE,MAT 1101,Calculus I,B,MMBK,"December 17, 2024",09:00 AM - 11:00 AM,431 (0212310019-0212430044)                                                                                                                                                                                                                       432 (0212430045-0212430091)
BSEEE,MAT 1101,Calculus I,C,MMBK,"December 17, 2024",09:00 AM - 11:00 AM,601 (021183013-0212430062)                                                                                                                                                                                                                       602 (0212430063-0212430089)
BSCSE,CSE 2213,Discrete Mathematics,A,SiMa,"December 17, 2024",11:30 AM - 01:30 PM,428 (011202337-0112430023)                                                                                                                                                                                                                       429 (0112430025-0112430742)
BSCSE,CSE 2213,Discrete Mathematics,B,MiBa,"December 17, 2024",11:30 AM - 01:30 PM,431 (011202136-0112430053)                                                                                                                                                                                                                       432 (0112430054-0152310008)
BSDS,CSE 2213,Discrete Mathematics,BA,ASKP,"December 17, 2024",11:30 AM - 01:30 PM,329 (0112230841-0112430630)                                                                                                                                                                                                                       330 (0112430631-0152410068)
BSDS,CSE 2213,Discrete Mathematics,BB,CAG,"December 17, 2024",11:30 AM - 01:30 PM,401 (0112320297-0152330064)                                                                                                                                                                                                                       402 (0152330067-0152410052)
BSDS,CSE 2213,Discrete Mathematics,BC,MHO,"December 17, 2024",11:30 AM - 01:30 PM,403 (011221438-0112430617)                                                                                                                                                                                                                       404 (0112430618-0152330129)
BSDS,CSE 2213,Discrete Mathematics,BD,TaSa,"December 17, 2024",11:30 AM - 01:30 PM,405 (0112310166-0112430564)                                                                                                                                                                                                                       406 (0112430565-0152420014)
BSCSE,CSE 2213,Discrete Mathematics,C,RRK,"December 17, 2024",11:30 AM - 01:30 PM,601 (0112230345-0112430079)                                                                                                                                                                                                                       602 (0112430080-0112430744)
BSCSE,CSE 2213,Discrete Mathematics,E,MHO,"December 17, 2024",11:30 AM - 01:30 PM,603 (0112230156-0112430139)                                                                                                                                                                                                                       604 (0112430140-0112430727)
BSCSE,CSE 2213,Discrete Mathematics,F,MiBa,"December 17, 2024",11:30 AM - 01:30 PM,605 (011221350-0112430171)                                                                                                                                                                                                                       630 (0112430172-0152330090)
BSCSE,CSE 2213,Discrete Mathematics,G,AHMOH,"December 17, 2024",11:30 AM - 01:30 PM,631 (011202100-0112430188)                                                                                                                                                                                                                       632 (0112430189-0112430737)
BSCSE,CSE 2213,Discrete Mathematics,H,MHO,"December 17, 2024",11:30 AM - 01:30 PM,701 (011222286-0112430232)                                                                                                                                                                                                                       702 (0112430233-0112430741)
BSCSE,CSE 2213,Discrete Mathematics,I,MNTA,"December 17, 2024",11:30 AM - 01:30 PM,703 (0112230315-0112430260)                                                                                                                                                                                                                       706 (0112430261-0112430743)
BSCSE,CSE 2213,Discrete Mathematics,J,MdShA,"December 17, 2024",11:30 AM - 01:30 PM,707 (011222234-0112430282)                                                                                                                                                                                                                       708 (0112430283-0112430730)
BSCSE,CSE 2213,Discrete Mathematics,K,FdAR,"December 17, 2024",11:30 AM - 01:30 PM,711 (011201386-0112430320)                                                                                                                                                                                                                       722 (0112430321-0112430739)
BSCSE,CSE 2213,Discrete Mathematics,L,KBJ,"December 17, 2024",11:30 AM - 01:30 PM,723 (011193072-0112430345)                                                                                                                                                                                                                       801 (0112430346-0152430064)
BSCSE,CSE 2213,Discrete Mathematics,M,MiBa,"December 17, 2024",11:30 AM - 01:30 PM,802 (011222047-0112420089)                                                                                                                                                                                                                       803 (0112420382-0112430726)
BSCSE,CSE 2213,Discrete Mathematics,N,FdAR,"December 17, 2024",11:30 AM - 01:30 PM,804 (011213055-0112330667)                                                                                                                                                                                                                       805 (0112330803-0112430682)
BSCSE,CSE 2213,Discrete Mathematics,O,AKMMI,"December 17, 2024",11:30 AM - 01:30 PM,806 (011193147-0112430412)                                                                                                                                                                                                                       303 (0112430413-0112430745)
BSCSE,CSE 2213,Discrete Mathematics,P,RRK,"December 17, 2024",11:30 AM - 01:30 PM,304 (0112310172-0112430658)                                                                                                                                                                                                                       305 (0112430659-0112430713)
BSCSE,CSE 2213,Discrete Mathematics,Q,TaSa,"December 17, 2024",11:30 AM - 01:30 PM,306 (011221378-0112430687)                                                                                                                                                                                                                       307 (0112430688-0112430733)
BSCSE,CSE 2213/CSI 219,Discrete Mathematics,D,STT,"December 17, 2024",11:30 AM - 01:30 PM,308 (011162047-0112430108)                                                                                                                                                                                                                       309 (0112430110-0112430731)
BSCSE,CSE 469/PMG 4101,Project Management,A,AAJr,"December 17, 2024",11:30 AM - 01:30 PM,322 (011172130-011213011)                                                                                                                                                                                                                       323 (011213076-011222085)
BSCSE,CSE 469/PMG 4101,Project Management,B,AAJr,"December 17, 2024",11:30 AM - 01:30 PM,324 (011181303-011221126)
BSCSE,CSE 469/PMG 4101,Project Management,C,SA,"December 17, 2024",11:30 AM - 01:30 PM,325 (011131140-011211120)                                                                                                                                                                                                                       328 (011212012-011222315)
BSEEE,EEE 3403/EEE 423,Microprocessor and Interfacing,A,SMLK,"December 17, 2024",11:30 AM - 01:30 PM,407 (021181027-021221001)                                                                                                                                                                                                                       408 (021221003-021222042)
BSEEE,PHY 1103,Physics II,B,MAn,"December 17, 2024",11:30 AM - 01:30 PM,409 (021212011-0212410002)                                                                                                                                                                                                                       410 (0212410004-0212420022)
BSEEE,PHY 1103,Physics II,C,GMB,"December 17, 2024",11:30 AM - 01:30 PM,423 (021213043-0212430072)
BSCSE,BIO 3105,Biology for Engineers,A,RNr,"December 17, 2024",02:00 PM - 04:00 PM,425 (011193030-0112230881)                                                                                                                                                                                                                       428 (0112310016-0112331035)
BSCSE,BIO 3105,Biology for Engineers,B,BHR,"December 17, 2024",02:00 PM - 04:00 PM,429 (011183065-0112230415)                                                                                                                                                                                                                       431 (0112230442-0112410405)
BSCSE,BIO 3105,Biology for Engineers,C,RNr,"December 17, 2024",02:00 PM - 04:00 PM,432 (011201235-0112230443)                                                                                                                                                                                                                       601 (0112230840-0112430493)
BSCSE,BIO 3105,Biology for Engineers,D,BHR,"December 17, 2024",02:00 PM - 04:00 PM,602 (011191176-011221344)                                                                                                                                                                                                                       603 (011221387-0112330709)
BSCSE,BIO 3105,Biology for Engineers,E,HAA,"December 17, 2024",02:00 PM - 04:00 PM,604 (011183096-011222324)                                                                                                                                                                                                                       605 (011222345-0112330945)
BSDS,BIO 3105/BIO 3107,Biology/Biology for Engineers,BA,HAA,"December 17, 2024",02:00 PM - 04:00 PM,309 (011192048-0152330066)                                                                                                                                                                                                                       322 (0152330098-0152420020)
BSDS,BIO 3105/BIO 3107,Biology/Biology for Engineers,BB,HAA,"December 17, 2024",02:00 PM - 04:00 PM,323 (011213209-0112310601)                                                                                                                                                                                                                       324 (0112320024-0152410069)
BSCSE,BIO 3105/BIO 3107,Biology/Biology for Engineers,F,SMRI,"December 17, 2024",02:00 PM - 04:00 PM,603 (011201390-0112230389)                                                                                                                                                                                                                       604 (0112230535-0112410199)
BSCSE,CSE 1325,Digital Logic Design,A,RtAm,"December 17, 2024",02:00 PM - 04:00 PM,605 (0112230106-0112410230)                                                                                                                                                                                                                       630 (0112410237-0112420587)
BSCSE,CSE 1325,Digital Logic Design,B,MBAd,"December 17, 2024",02:00 PM - 04:00 PM,631 (011202078-0112330698)                                                                                                                                                                                                                       632 (0112330883-0112420585)
BSCSE,CSE 1325,Digital Logic Design,C,AsTn,"December 17, 2024",02:00 PM - 04:00 PM,701 (011221499-0112410223)                                                                                                                                                                                                                       702 (0112410285-0112420604)
BSCSE,CSE 1325,Digital Logic Design,D,AsTn,"December 17, 2024",02:00 PM - 04:00 PM,703 (0112230040-0112410116)                                                                                                                                                                                                                       706 (0112410132-0112420672)
BSCSE,CSE 1325,Digital Logic Design,E,STT,"December 17, 2024",02:00 PM - 04:00 PM,707 (011221420-0112410130)                                                                                                                                                                                                                       708 (0112410184-0112420518)
BSCSE,CSE 1325,Digital Logic Design,F,RtAm,"December 17, 2024",02:00 PM - 04:00 PM,711 (011201298-0112410146)                                                                                                                                                                                                                       722 (0112410152-0112420432)
BSCSE,CSE 1325,Digital Logic Design,G,RtAm,"December 17, 2024",02:00 PM - 04:00 PM,723 (011212062-0112410248)                                                                                                                                                                                                                       801 (0112410288-0112420680)
BSCSE,CSE 1325,Digital Logic Design,H,AsTn,"December 17, 2024",02:00 PM - 04:00 PM,802 (011202334-0112410180)                                                                                                                                                                                                                       803 (0112410188-0112420715)
BSCSE,CSE 1325,Digital Logic Design,I,MBAd,"December 17, 2024",02:00 PM - 04:00 PM,804 (011201341-0112330631)                                                                                                                                                                                                                       805 (0112330730-0112420639)
BSCSE,CSE 1325,Digital Logic Design,J,MahHsn,"December 17, 2024",02:00 PM - 04:00 PM,309 (011221212-0112410117)                                                                                                                                                                                                                       322 (0112410133-0112420610)
BSCSE,CSE 1325,Digital Logic Design,K,ShArn,"December 17, 2024",02:00 PM - 04:00 PM,303 (011221181-0112410129)                                                                                                                                                                                                                       304 (0112410139-0112420676)
BSCSE,CSE 1325,Digital Logic Design,L,STT,"December 17, 2024",02:00 PM - 04:00 PM,305 (011212166-0112331078)                                                                                                                                                                                                                       306 (0112410001-0112420689)
BSCSE,CSE 1325,Digital Logic Design,M,MdMH,"December 17, 2024",02:00 PM - 04:00 PM,307 (011222357-0112410163)                                                                                                                                                                                                                       308 (0112410168-0112420684)
BSEEE,EEE 2401,Structured Programming Language,A,MdHn,"December 17, 2024",02:00 PM - 04:00 PM,325 (021201080-0212310049)                                                                                                                                                                                                                       328 (0212310053-0212330036)
BSEEE,EEE 2401,Structured Programming Language,B,MdHn,"December 17, 2024",02:00 PM - 04:00 PM,329 (021191073-0212330108)
BSEEE,EEE 4217/EEE 477,Power System Protection,A,MFK,"December 17, 2024",02:00 PM - 04:00 PM,303 (021162038-021201098)                                                                                                                                                                                                                       304 (021201107-021221042)
BSCSE,CSE 2233,Theory of Computation,A,NSS,"December 18, 2024",09:00 AM - 11:00 AM,304 (011191059-0112310108)                                                                                                                                                                                                                       305 (0112310115-0112331082)
BSCSE,CSE 2233,Theory of Computation,C,MdMH,"December 18, 2024",09:00 AM - 11:00 AM,306 (011183060-0112310244)                                                                                                                                                                                                                       307 (0112310361-0112331064)
BSCSE,CSE 2233,Theory of Computation,D,AAU,"December 18, 2024",09:00 AM - 11:00 AM,308 (011193157-0112230890)                                                                                                                                                                                                                       309 (0112231070-0112420675)
BSCSE,CSE 2233,Theory of Computation,E,AAU,"December 18, 2024",09:00 AM - 11:00 AM,322 (011183096-0112230673)                                                                                                                                                                                                                       323 (0112230833-0112330770)
BSCSE,CSE 2233,Theory of Computation,F,FTU,"December 18, 2024",09:00 AM - 11:00 AM,324 (011201242-0112310238)                                                                                                                                                                                                                       325 (0112310248-0112331027)
BSCSE,CSE 2233,Theory of Computation,G,RHn,"December 18, 2024",09:00 AM - 11:00 AM,328 (011183014-0112230969)                                                                                                                                                                                                                       329 (0112230984-0112330883)
BSCSE,CSE 2233,Theory of Computation,I,AAU,"December 18, 2024",09:00 AM - 11:00 AM,330 (011211127-0112310478)                                                                                                                                                                                                                       401 (0112320004-0112430679)
BSCSE,CSE 2233/CSI 233,Theory of Computation/Theory of Computing,B,NSS,"December 18, 2024",09:00 AM - 11:00 AM,402 (011162109-0112310122)                                                                                                                                                                                                                       403 (0112310123-0112410099)
BSCSE,CSE 2233/CSI 233,Theory of Computation/Theory of Computing,H,MdMH,"December 18, 2024",09:00 AM - 11:00 AM,404 (011162015-0112230254)                                                                                                                                                                                                                       405 (0112230270-0112410546)
BSCSE,CSE 4165,Web Programming,A,NHn,"December 18, 2024",09:00 AM - 11:00 AM,530 (Computer Lab) (011183016-011213036)                                                                                                                                                                                                                       531 (Computer Lab) (011213067-0112230720)
BSCSE,CSE 4165,Web Programming,B,NHn,"December 18, 2024",09:00 AM - 11:00 AM,532 (Computer Lab) (011183078-011212132)                                                                                                                                                                                                                       626 (Computer Lab) (011213023-011222131)
BSCSE,CSE 4165,Web Programming,C,NHn,"December 18, 2024",09:00 AM - 11:00 AM,726 (Computer Lab) (011191159-011221163)                                                                                                                                                                                                                       727 (Computer Lab) (011221165-011222215)
BSCSE,CSE 4165,Web Programming,D,NHn,"December 18, 2024",09:00 AM - 11:00 AM,826 (Computer Lab) (011191027-011221085)                                                                                                                                                                                                                       827 (Computer Lab) (011221097-0112230947)
BSCSE,CSE 4165/CSE 465,Web Programming,E,MMAS,"December 18, 2024",09:00 AM - 11:00 AM,529 (Computer Lab) (011171008-011222265)
BSEEE,EEE 1003,Electrical Circuits II,A,HB,"December 18, 2024",09:00 AM - 11:00 AM,402 (021212006-0212410010)                                                                                                                                                                                                                       403 (0212410023-0212420068)
BSEEE,EEE 1003,Electrical Circuits II,C,BKM,"December 18, 2024",09:00 AM - 11:00 AM,404 (021191026-0212420029)                                                                                                                                                                                                                       405 (0212420030-0212420082)
BSEEE,EEE 303/EEE 3305,Engineering Electromagnetics,A,BKM,"December 18, 2024",09:00 AM - 11:00 AM,303 (021171078-021221012)                                                                                                                                                                                                                       304 (021221035-0212230109)
BSEEE,CHE 2101/CHEM 101,Chemistry,A,MASq,"December 18, 2024",11:30 AM - 01:30 PM,328 (021193017-0212330054)                                                                                                                                                                                                                       329 (0212330059-0212330162)
BSEEE,CHE 2101/CHEM 101,Chemistry,B,MASq,"December 18, 2024",11:30 AM - 01:30 PM,330 (021213034-0212310067)                                                                                                                                                                                                                       401 (0212320009-0212330155)
BSEEE,CHE 2101/CHEM 101,Chemistry,C,MASq,"December 18, 2024",11:30 AM - 01:30 PM,402 (021221071-0212330052)                                                                                                                                                                                                                       403 (0212330058-0212410042)
BSCSE,CSE 1111,Structured Programming Language,A,SiMa,"December 18, 2024",11:30 AM - 01:30 PM,304 (011221192-0112420205)                                                                                                                                                                                                                       305 (0112420209-0112420694)
BSCSE,CSE 1111,Structured Programming Language,B,KM,"December 18, 2024",11:30 AM - 01:30 PM,306 (011202170-0112420333)                                                                                                                                                                                                                       307 (0112420337-0112420722)
BSCSE,CSE 1111,Structured Programming Language,C,NtJT,"December 18, 2024",11:30 AM - 01:30 PM,308 (011213030-0112420189)                                                                                                                                                                                                                       309 (0112420190-0112420592)
BSCSE,CSE 1111,Structured Programming Language,D,NtJT,"December 18, 2024",11:30 AM - 01:30 PM,322 (011221593-0112420131)                                                                                                                                                                                                                       323 (0112420141-0112420728)
BSCSE,CSE 1111,Structured Programming Language,E,HS,"December 18, 2024",11:30 AM - 01:30 PM,324 (011193072-0112420223)                                                                                                                                                                                                                       325 (0112420235-0112420730)
BSCSE,CSE 1111,Structured Programming Language,F,SiMa,"December 18, 2024",11:30 AM - 01:30 PM,328 (011221330-0112420158)                                                                                                                                                                                                                       329 (0112420213-0112420729)
BSCSE,CSE 1111,Structured Programming Language,G,IRR,"December 18, 2024",11:30 AM - 01:30 PM,330 (011221472-0112420119)                                                                                                                                                                                                                       401 (0112420170-0112420725)
BSCSE,CSE 1111,Structured Programming Language,H,ATR,"December 18, 2024",11:30 AM - 01:30 PM,402 (011221280-0112420040)                                                                                                                                                                                                                       403 (0112420078-0112420712)
BSCSE,CSE 1111,Structured Programming Language,I,SAhSh,"December 18, 2024",11:30 AM - 01:30 PM,404 (011213054-0112420318)                                                                                                                                                                                                                       405 (0112420347-0112420706)
BSCSE,CSE 1111,Structured Programming Language,J,MShH,"December 18, 2024",11:30 AM - 01:30 PM,406 (011211085-0112420160)                                                                                                                                                                                                                       407 (0112420178-0112420687)
BSCSE,CSE 1111,Structured Programming Language,K,MdShA,"December 18, 2024",11:30 AM - 01:30 PM,408 (011202109-0112420084)                                                                                                                                                                                                                       409 (0112420107-0112420689)
BSCSE,CSE 1111,Structured Programming Language,L,ATR,"December 18, 2024",11:30 AM - 01:30 PM,410 (011201329-0112420234)                                                                                                                                                                                                                       423 (0112420238-0112420731)
BSCSE,CSE 1111,Structured Programming Language,M,MdShA,"December 18, 2024",11:30 AM - 01:30 PM,425 (011222338-0112420291)                                                                                                                                                                                                                       428 (0112420305-0112420693)
BSCSE,CSE 1111,Structured Programming Language,N,NtJT,"December 18, 2024",11:30 AM - 01:30 PM,429 (0112230220-0112420069)                                                                                                                                                                                                                       431 (0112420138-0112420681)
BSCSE,CSE 1111,Structured Programming Language,P,ATR,"December 18, 2024",11:30 AM - 01:30 PM,432 (011211122-0112420033)                                                                                                                                                                                                                       601 (0112420056-0112420720)
BSCSE,CSE 1111,Structured Programming Language,Q,KM,"December 18, 2024",11:30 AM - 01:30 PM,602 (011212145-0112420214)                                                                                                                                                                                                                       603 (0112420215-0112430365)
BSCSE,CSE 1111,Structured Programming Language,R,IRR,"December 18, 2024",11:30 AM - 01:30 PM,604 (011202100-0112420112)                                                                                                                                                                                                                       605 (0112420125-0112420733)
BSCSE,CSE 4435,Software Architecture,A,FTU,"December 18, 2024",11:30 AM - 01:30 PM,305 (011191030-011213173)
BSCSE,CSE 4435,Software Architecture,B,FTU,"December 18, 2024",11:30 AM - 01:30 PM,306 (011183017-011202106)                                                                                                                                                                                                                       307 (011202108-0112230721)
BSDS,DS 1501,Programming for Data Science,BA,KBJ,"December 18, 2024",11:30 AM - 01:30 PM,630 (0152320004-0152430005)                                                                                                                                                                                                                       631 (0152430006-0152430104)
BSDS,DS 1501,Programming for Data Science,BB,KBJ,"December 18, 2024",11:30 AM - 01:30 PM,701 (015222004-0152430050)                                                                                                                                                                                                                       702 (0152430051-0152430106)
BSDS,DS 1501,Programming for Data Science,BC,IAb,"December 18, 2024",11:30 AM - 01:30 PM,703 (0152310007-0152420018)                                                                                                                                                                                                                       706 (0152420019-0152430107)
BSEEE,EEE 307/EEE 3207,Power Electronics,A,IA,"December 18, 2024",11:30 AM - 01:30 PM,303 (021131142-021201019)                                                                                                                                                                                                                       304 (021201030-021221101)
BSCSE,CSE 323/CSE 3711,Computer Networks,B,AKMMI,"December 18, 2024",02:00 PM - 04:00 PM,304 (011172045-011221318)                                                                                                                                                                                                                       305 (011221412-0112230839)
BSCSE,CSE 323/CSE 3711,Computer Networks,C,ME,"December 18, 2024",02:00 PM - 04:00 PM,306 (011131140-011221511)                                                                                                                                                                                                                       307 (011221518-0112310426)
BSCSE,CSE 323/CSE 3711,Computer Networks,D,ASKP,"December 18, 2024",02:00 PM - 04:00 PM,308 (011181018-011213149)                                                                                                                                                                                                                       309 (011221044-0112310206)
BSCSE,CSE 323/CSE 3711,Computer Networks,E,ME,"December 18, 2024",02:00 PM - 04:00 PM,322 (011162093-011221161)                                                                                                                                                                                                                       323 (011221168-0112330900)
BSCSE,CSE 323/CSE 3711/EEE 4413,Computer Networks,A,ASKP,"December 18, 2024",02:00 PM - 04:00 PM,324 (011182141-011221344)                                                                                                                                                                                                                       325 (011221373-021183010)
BSCSE,CSE 3711,Computer Networks,F,ME,"December 18, 2024",02:00 PM - 04:00 PM,328 (011192011-011221551)                                                                                                                                                                                                                       329 (011221565-0112320024)
BSEEE,EEE 2105/EEE 223,Digital Electronics,A,IBC,"December 18, 2024",02:00 PM - 04:00 PM,309 (021181097-021222047)                                                                                                                                                                                                                       322 (021222052-0212310021)
BSEEE,EEE 2105/EEE 223,Digital Electronics,B,MdZA,"December 18, 2024",02:00 PM - 04:00 PM,323 (021171016-0212310076)
BSCSE,CSE 3411,System Analysis and Design,A,MNTA,"December 19, 2024",09:00 AM - 11:00 AM,324 (011192078-011221172)                                                                                                                                                                                                                       325 (011221276-0112310329)
BSCSE,CSE 3411,System Analysis and Design,B,SA,"December 19, 2024",09:00 AM - 11:00 AM,328 (011191112-011221224)                                                                                                                                                                                                                       329 (011221231-0112230887)
BSCSE,CSE 3411,System Analysis and Design,D,SA,"December 19, 2024",09:00 AM - 11:00 AM,330 (011191268-011221182)                                                                                                                                                                                                                       401 (011221217-0112310604)
BSCSE,CSE 3411/CSI 311,System Analysis and Design,C,FAH,"December 19, 2024",09:00 AM - 11:00 AM,323 (011182036-011222362)
BSCSE,CSE 3521,Database Management Systems,A,HAN,"December 19, 2024",09:00 AM - 11:00 AM,325 (011202144-0112230353)                                                                                                                                                                                                                       328 (0112230369-0112310481)
BSCSE,CSE 3521,Database Management Systems,C,FAH,"December 19, 2024",09:00 AM - 11:00 AM,329 (011193123-0112230509)                                                                                                                                                                                                                       330 (0112230513-0112310530)
BSCSE,CSE 3521,Database Management Systems,D,MoIsm,"December 19, 2024",09:00 AM - 11:00 AM,401 (011201121-0112230359)                                                                                                                                                                                                                       402 (0112230362-0112320180)
BSCSE,CSE 3521,Database Management Systems,E,MoIsm,"December 19, 2024",09:00 AM - 11:00 AM,403 (011193030-0112230023)                                                                                                                                                                                                                       404 (0112230025-0112410442)
BSCSE,CSE 3521,Database Management Systems,F,HAN,"December 19, 2024",09:00 AM - 11:00 AM,405 (011201242-0112230297)                                                                                                                                                                                                                       406 (0112230300-0112231053)
BSCSE,CSE 3521,Database Management Systems,G,KMRH,"December 19, 2024",09:00 AM - 11:00 AM,407 (011183014-0112230381)                                                                                                                                                                                                                       408 (0112230390-0112310567)
BSCSE,CSE 3521,Database Management Systems,H,HAN,"December 19, 2024",09:00 AM - 11:00 AM,409 (011191108-011221585)                                                                                                                                                                                                                       410 (0112230031-0112231047)
BSCSE,CSE 3521,Database Management Systems,I,KMRH,"December 19, 2024",09:00 AM - 11:00 AM,423 (011193139-0112230112)                                                                                                                                                                                                                       425 (0112230138-0112330794)
BSCSE,CSE 3521/CSI 221,Database Management Systems,B,MoI,"December 19, 2024",09:00 AM - 11:00 AM,322 (011162003-011222355)                                                                                                                                                                                                                       323 (0112230103-0112430679)
BSEEE,EEE 1001,Electrical Circuits I,A,MAf,"December 19, 2024",09:00 AM - 11:00 AM,601 (021201046-0212420069)                                                                                                                                                                                                                       602 (0212430062-0212430089)
BSEEE,EEE 1001,Electrical Circuits I,B,MRK,"December 19, 2024",09:00 AM - 11:00 AM,603 (021201064-0212430010)                                                                                                                                                                                                                       604 (0212430011-0212430090)
BSEEE,EEE 1001/EEE 101,Electrical Circuits I,C,MRK,"December 19, 2024",09:00 AM - 11:00 AM,303 (021131142-0212430037)                                                                                                                                                                                                                       304 (0212430038-0212430091)
BSDS,MATH 1153,Advanced Calculus,BA,MUn,"December 19, 2024",09:00 AM - 11:00 AM,429 (015221001-0152330088)                                                                                                                                                                                                                       431 (0152330093-0152330150)
BSDS,MATH 1153,Advanced Calculus,BB,MUn,"December 19, 2024",09:00 AM - 11:00 AM,432 (0152310001-0152410026)
BSCSE,MATH 201/MATH 2201,Coordinate Geometry and Vector Analysis,D,JFK,"December 19, 2024",09:00 AM - 11:00 AM,404 (011162120-0112330413)                                                                                                                                                                                                                       405 (0112330467-0112331098)
BSCSE,MATH 201/MATH 2201,Coordinate Geometry and Vector Analysis,K,MIA,"December 19, 2024",09:00 AM - 11:00 AM,406 (011153072-0112330036)                                                                                                                                                                                                                       407 (0112330048-0112331166)
BSCSE,MATH 201/MATH 2201,Coordinate Geometry and Vector Analysis,M,MdAIm,"December 19, 2024",09:00 AM - 11:00 AM,408 (011181014-0112330078)                                                                                                                                                                                                                       409 (0112330121-0112331126)
BSCSE,MATH 201/MATH 2201,Coordinate Geometry and Vector Analysis,N,SMYA,"December 19, 2024",09:00 AM - 11:00 AM,410 (011173058-0112330397)                                                                                                                                                                                                                       423 (0112330446-0112410165)
BSCSE,MATH 201/MATH 2201,Coordinate Geometry and Vector Analysis,R,MdAIm,"December 19, 2024",09:00 AM - 11:00 AM,425 (011123071-0112330167)                                                                                                                                                                                                                       428 (0112330178-0112331128)
BSCSE,MATH 2201,Coordinate Geometry and Vector Analysis,A,SMYA,"December 19, 2024",09:00 AM - 11:00 AM,308 (011192148-0112330333)                                                                                                                                                                                                                       309 (0112330382-0112330952)
BSCSE,MATH 2201,Coordinate Geometry and Vector Analysis,B,SiMu,"December 19, 2024",09:00 AM - 11:00 AM,431 (011201182-0112310049)                                                                                                                                                                                                                       432 (0112310121-0112331134)
BSCSE,MATH 2201,Coordinate Geometry and Vector Analysis,C,SMYA,"December 19, 2024",09:00 AM - 11:00 AM,601 (011201068-0112330184)                                                                                                                                                                                                                       602 (0112330185-0112410314)
BSCSE,MATH 2201,Coordinate Geometry and Vector Analysis,E,MIA,"December 19, 2024",09:00 AM - 11:00 AM,603 (011201102-0112320064)                                                                                                                                                                                                                       604 (0112320217-0112331074)
BSCSE,MATH 2201,Coordinate Geometry and Vector Analysis,F,SiMu,"December 19, 2024",09:00 AM - 11:00 AM,605 (011191244-0112330328)                                                                                                                                                                                                                       630 (0112330344-0112410282)
BSCSE,MATH 2201,Coordinate Geometry and Vector Analysis,G,NzHn,"December 19, 2024",09:00 AM - 11:00 AM,631 (011201053-0112330097)                                                                                                                                                                                                                       632 (0112330139-0112331039)
BSCSE,MATH 2201,Coordinate Geometry and Vector Analysis,I,SMYA,"December 19, 2024",09:00 AM - 11:00 AM,701 (011202290-0112330325)                                                                                                                                                                                                                       702 (0112330348-0112331167)
BSCSE,MATH 2201,Coordinate Geometry and Vector Analysis,L,MdAIm,"December 19, 2024",09:00 AM - 11:00 AM,703 (011183017-0112330531)
BSCSE,MATH 2201,Coordinate Geometry and Vector Analysis,O,SiMu,"December 19, 2024",09:00 AM - 11:00 AM,706 (011201437-0112330386)                                                                                                                                                                                                                       707 (0112330398-0112331148)
BSCSE,MATH 2201,Coordinate Geometry and Vector Analysis,P,MdAsn,"December 19, 2024",09:00 AM - 11:00 AM,708 (011192098-0112310439)                                                                                                                                                                                                                       711 (0112310566-0112331158)
BSCSE,MATH 2201,Coordinate Geometry and Vector Analysis,Q,JFK,"December 19, 2024",09:00 AM - 11:00 AM,722 (011213102-0112330440)                                                                                                                                                                                                                       723 (0112330456-0112331138)
BSCSE,CSE 2217,Data Structure and Algorithms II,A,TaMo,"December 19, 2024",11:30 AM - 01:30 PM,304 (011193030-0112230589)                                                                                                                                                                                                                       305 (0112230762-0112320151)
BSCSE,CSE 2217,Data Structure and Algorithms II,B,UR,"December 19, 2024",11:30 AM - 01:30 PM,306 (011192026-0112230402)                                                                                                                                                                                                                       307 (0112230535-0112320084)
BSCSE,CSE 2217,Data Structure and Algorithms II,D,UR,"December 19, 2024",11:30 AM - 01:30 PM,308 (011183099-0112310027)                                                                                                                                                                                                                       309 (0112310042-0112320086)
BSCSE,CSE 2217,Data Structure and Algorithms II,F,MdTH,"December 19, 2024",11:30 AM - 01:30 PM,322 (011191112-0112230550)                                                                                                                                                                                                                       323 (0112230587-0112310423)
BSCSE,CSE 2217,Data Structure and Algorithms II,G,MdTH,"December 19, 2024",11:30 AM - 01:30 PM,324 (011192034-0112230306)                                                                                                                                                                                                                       325 (0112230336-0112310558)
BSCSE,CSE 2217,Data Structure and Algorithms II,I,UR,"December 19, 2024",11:30 AM - 01:30 PM,328 (011201190-0112230502)                                                                                                                                                                                                                       329 (0112230599-0112320089)
BSCSE,CSE 2217/CSI 217/CSI 227,Algorithms/Data Structure/Data Structure and Algorithms II,H,MdSR,"December 19, 2024",11:30 AM - 01:30 PM,305 (011162018-0112310446)
BSCSE,CSE 2217/CSI 227,Algorithms/Data Structure and Algorithms II,C,TaHn,"December 19, 2024",11:30 AM - 01:30 PM,306 (011162109-011222080)                                                                                                                                                                                                                       307 (011222319-0112310574)
BSCSE,CSE 2217/CSI 227,Algorithms/Data Structure and Algorithms II,E,MdTH,"December 19, 2024",11:30 AM - 01:30 PM,308 (011161085-0112230746)                                                                                                                                                                                                                       309 (0112230912-0112310591)
BSDS,DS 1101,Fundamentals of Data Science,BA,FAH,"December 19, 2024",11:30 AM - 01:30 PM,322 (015222004-0152410009)                                                                                                                                                                                                                       323 (0152410010-0152410071)
BSDS,DS 1101,Fundamentals of Data Science,BB,KMRH,"December 19, 2024",11:30 AM - 01:30 PM,324 (015222001-0152420019)
BSEEE,EEE 309/EEE 3307,Communication Theory,A,RM,"December 19, 2024",11:30 AM - 01:30 PM,325 (021181041-021221007)                                                                                                                                                                                                                       328 (021221015-021222030)
BSEEE,MAT 2105,Linear Algebra and Differential Equations,A,AM,"December 19, 2024",11:30 AM - 01:30 PM,329 (021222037-0212410046)
BSEEE,MAT 2105,Linear Algebra and Differential Equations,B,TN,"December 19, 2024",11:30 AM - 01:30 PM,330 (021192051-0212330013)                                                                                                                                                                                                                       401 (0212330032-0212420082)
BSCSE,CSE 1115,Object Oriented Programming,A,MNK,"December 19, 2024",02:00 PM - 04:00 PM,330 (011221382-0112330177)                                                                                                                                                                                                                       401 (0112330360-0112410532)
BSCSE,CSE 1115,Object Oriented Programming,B,MdRIm,"December 19, 2024",02:00 PM - 04:00 PM,402 (011221388-0112330513)                                                                                                                                                                                                                       403 (0112330606-0112410513)
BSCSE,CSE 1115,Object Oriented Programming,C,SaIs,"December 19, 2024",02:00 PM - 04:00 PM,404 (011211134-0112410025)                                                                                                                                                                                                                       405 (0112410038-0112410508)
BSCSE,CSE 1115,Object Oriented Programming,D,DMF,"December 19, 2024",02:00 PM - 04:00 PM,406 (011183084-0112410536)
BSCSE,CSE 1115,Object Oriented Programming,E,MahHsn,"December 19, 2024",02:00 PM - 04:00 PM,407 (011212026-0112330274)                                                                                                                                                                                                                       408 (0112330323-0112410428)
BSCSE,CSE 1115,Object Oriented Programming,F,MahHsn,"December 19, 2024",02:00 PM - 04:00 PM,409 (011201470-0112330639)                                                                                                                                                                                                                       410 (0112330651-0112410411)
BSCSE,CSE 1115,Object Oriented Programming,G,MdRIm,"December 19, 2024",02:00 PM - 04:00 PM,423 (011222094-0112330610)                                                                                                                                                                                                                       425 (0112330678-0112410492)
BSCSE,CSE 1115,Object Oriented Programming,H,MdRIm,"December 19, 2024",02:00 PM - 04:00 PM,428 (011193120-0112330414)                                                                                                                                                                                                                       429 (0112330441-0112410409)
BSCSE,CSE 1115,Object Oriented Programming,K,IRR,"December 19, 2024",02:00 PM - 04:00 PM,431 (011193029-0112330248)                                                                                                                                                                                                                       432 (0112330335-0112410470)
BSCSE,CSE 1115,Object Oriented Programming,L,ShAhd,"December 19, 2024",02:00 PM - 04:00 PM,601 (011213150-0112330691)                                                                                                                                                                                                                       602 (0112330786-0112410498)
BSCSE,CSE 1115,Object Oriented Programming,M,IRR,"December 19, 2024",02:00 PM - 04:00 PM,603 (011213200-0112410128)                                                                                                                                                                                                                       604 (0112410157-0112410547)
BSCSE,CSE 1115,Object Oriented Programming,O,DMF,"December 19, 2024",02:00 PM - 04:00 PM,605 (011213116-0112410524)
BSCSE,CSE 1115,Object Oriented Programming,P,KAN,"December 19, 2024",02:00 PM - 04:00 PM,630 (011213093-0112330724)                                                                                                                                                                                                                       631 (0112330768-0112410540)
BSCSE,CSE 1115,Object Oriented Programming,Q,IAb,"December 19, 2024",02:00 PM - 04:00 PM,632 (011201440-0112330583)                                                                                                                                                                                                                       701 (0112330679-0112410546)
BSCSE,CSE 1115,Object Oriented Programming,R,KAN,"December 19, 2024",02:00 PM - 04:00 PM,702 (011201197-0112330205)                                                                                                                                                                                                                       703 (0112330537-0112410537)
BSCSE,CSE 1115/CSI 211,Object Oriented Programming/Object-Oriented Programming,I,DMF,"December 19, 2024",02:00 PM - 04:00 PM,402 (011182070-0112410549)
BSCSE,CSE 1115/CSI 211,Object Oriented Programming/Object-Oriented Programming,J,AAJr,"December 19, 2024",02:00 PM - 04:00 PM,403 (011182085-0112330444)                                                                                                                                                                                                                       404 (0112330501-0112410413)
BSCSE,CSE 3421,Software Engineering,B,SSSk,"December 19, 2024",02:00 PM - 04:00 PM,405 (011192087-011213023)                                                                                                                                                                                                                       406 (011213052-011221500)
BSCSE,CSE 3421/CSI 321,Software Engineering,A,SSSk,"December 19, 2024",02:00 PM - 04:00 PM,407 (011173058-011212091)                                                                                                                                                                                                                       408 (011212131-011222212)
BSCSE,CSE 3421/CSI 321,Software Engineering,C,SSSk,"December 19, 2024",02:00 PM - 04:00 PM,409 (011173031-011222063)
BSDS,DS 1115,Object Oriented Programming for Data Science,BA,SMTT,"December 19, 2024",02:00 PM - 04:00 PM,410 (0152310003-0152410066)
BSDS,DS 1115,Object Oriented Programming for Data Science,BB,SMTT,"December 19, 2024",02:00 PM - 04:00 PM,603 (0152230002-0152410069)
BSEEE,ECO 2101/ECO 213,Economics,D,SCT,"December 19, 2024",02:00 PM - 04:00 PM,425 (021193023-0212230064)                                                                                                                                                                                                                       428 (0212230127-0212410039)
BSEEE,EEE 4117/EEE 435,Analog Integrated Circuits,A,MdHn,"December 19, 2024",02:00 PM - 04:00 PM,303 (021163012-021202008)                                                                                                                                                                                                                       304 (021202010-0212310077)
BSCSE,BDS 1201,History of the Emergence of Bangladesh,AA,NtAl,"December 21, 2024",09:00 AM - 11:00 AM,304 (0112230644-0112430029)                                                                                                                                                                                                                       305 (0112430030-0112430740)
BSCSE,BDS 1201,History of the Emergence of Bangladesh,AB,FaAM,"December 21, 2024",09:00 AM - 11:00 AM,306 (011193106-0112430054)                                                                                                                                                                                                                       307 (0112430055-0152430105)
BSCSE,BDS 1201,History of the Emergence of Bangladesh,AC,SaB,"December 21, 2024",09:00 AM - 11:00 AM,308 (011222234-0112430082)                                                                                                                                                                                                                       309 (0112430083-0112430731)
BSCSE,BDS 1201,History of the Emergence of Bangladesh,AD,KhSA,"December 21, 2024",09:00 AM - 11:00 AM,322 (0112320080-0112430114)                                                                                                                                                                                                                       323 (0112430115-0112430744)
BSCSE,BDS 1201,History of the Emergence of Bangladesh,AE,NtAl,"December 21, 2024",09:00 AM - 11:00 AM,722 (011221484-0112430144)                                                                                                                                                                                                                       723 (0112430145-0152430107)
BSCSE,BDS 1201,History of the Emergence of Bangladesh,AF,MdMR,"December 21, 2024",09:00 AM - 11:00 AM,328 (0112331086-0112430174)                                                                                                                                                                                                                       329 (0112430175-0112430732)
BSCSE,BDS 1201,History of the Emergence of Bangladesh,AG,FaAM,"December 21, 2024",09:00 AM - 11:00 AM,701 (0112420683-0112430205)                                                                                                                                                                                                                       702 (0112430206-0112430703)
BSCSE,BDS 1201,History of the Emergence of Bangladesh,AH,AJMSh,"December 21, 2024",09:00 AM - 11:00 AM,630 (0112420463-0112430423)                                                                                                                                                                                                                       631 (0112430424-0112430725)
BSCSE,BDS 1201,History of the Emergence of Bangladesh,AI,AJMSh,"December 21, 2024",09:00 AM - 11:00 AM,604 (0112231040-0112430258)                                                                                                                                                                                                                       605 (0112430259-0112430742)
BSCSE,BDS 1201,History of the Emergence of Bangladesh,AJ,NaHu,"December 21, 2024",09:00 AM - 11:00 AM,602 (0112310322-0112430293)                                                                                                                                                                                                                       603 (0112430294-0112430690)
BSCSE,BDS 1201,History of the Emergence of Bangladesh,AK,KhSA,"December 21, 2024",09:00 AM - 11:00 AM,408 (0112230172-0112430321)                                                                                                                                                                                                                       409 (0112430323-0112430733)
BSCSE,BDS 1201,History of the Emergence of Bangladesh,AL,SaB,"December 21, 2024",09:00 AM - 11:00 AM,410 (0112331144-0112430357)                                                                                                                                                                                                                       423 (0112430358-0152430106)
BSCSE,BDS 1201,History of the Emergence of Bangladesh,AM,NaSa,"December 21, 2024",09:00 AM - 11:00 AM,425 (0112330560-0112430380)                                                                                                                                                                                                                       428 (0112430381-0112430743)
BSCSE,BDS 1201,History of the Emergence of Bangladesh,AN,NaSa,"December 21, 2024",09:00 AM - 11:00 AM,429 (0112230267-0112430233)                                                                                                                                                                                                                       431 (0112430234-0112430741)
BSCSE,BDS 1201,History of the Emergence of Bangladesh,AO,NaHu,"December 21, 2024",09:00 AM - 11:00 AM,432 (0112230859-0112430580)                                                                                                                                                                                                                       601 (0112430581-0112430721)
BSDS,BDS 1201,History of the Emergence of Bangladesh,BA,MD,"December 21, 2024",09:00 AM - 11:00 AM,706 (0112230078-0152430007)                                                                                                                                                                                                                       707 (0152430008-0152430102)
BSDS,BDS 1201,History of the Emergence of Bangladesh,BB,SbIm,"December 21, 2024",09:00 AM - 11:00 AM,401 (0152330123-0152430055)                                                                                                                                                                                                                       402 (0152430056-0152430104)
BSDS,BDS 1201,History of the Emergence of Bangladesh,BC,MfHn,"December 21, 2024",09:00 AM - 11:00 AM,403 (011221438-0112430630)                                                                                                                                                                                                                       404 (0112430631-0152430101)
BSEEE,BDS 1201,History of the Emergence of Bangladesh,P,TaIm,"December 21, 2024",09:00 AM - 11:00 AM,405 (0112310462-0212430013)                                                                                                                                                                                                                       406 (0212430014-0212430090)
BSEEE,BDS 1201,History of the Emergence of Bangladesh,Q,TaIm,"December 21, 2024",09:00 AM - 11:00 AM,407 (0212330070-0212430091)
BSEEE,BDS 1201,History of the Emergence of Bangladesh,R,TaIm,"December 21, 2024",09:00 AM - 11:00 AM,632 (0112430745-0212430089)
BSCSE,ECO 213/ECO 4101,Economics,B,TaA,"December 21, 2024",09:00 AM - 11:00 AM,305 (011162093-0112230445)                                                                                                                                                                                                                       306 (0112230463-0152410051)
BSCSE,ECO 213/ECO 4101,Economics,D,TJT,"December 21, 2024",09:00 AM - 11:00 AM,329 (011163060-0112310073)                                                                                                                                                                                                                       330 (0112310098-0152330101)
BSCSE,ECO 213/ECO 4101,Economics,E,TaA,"December 21, 2024",09:00 AM - 11:00 AM,708 (011161085-0112230274)                                                                                                                                                                                                                       711 (0112230276-0152330016)
BSCSE,ECO 4101,Economics,A,TrAd,"December 21, 2024",09:00 AM - 11:00 AM,323 (011183065-011222064)                                                                                                                                                                                                                       324 (011222327-0152420005)
BSCSE,ECO 4101,Economics,C,TJT,"December 21, 2024",09:00 AM - 11:00 AM,325 (011191159-011221596)                                                                                                                                                                                                                       328 (0112230091-0152420016)
BSEEE,EEE 211/EEE 2301,Signals and Linear System/Signals and Linear Systems,A,RM,"December 21, 2024",09:00 AM - 11:00 AM,409 (021182033-0212230087)                                                                                                                                                                                                                       410 (0212230092-0212330008)
BSEEE,EEE 211/EEE 2301,Signals and Linear System/Signals and Linear Systems,B,RM,"December 21, 2024",09:00 AM - 11:00 AM,423 (021182009-0212230024)                                                                                                                                                                                                                       425 (0212230026-0212320022)
BSEEE,EEE 311/EEE 3309,Digital Signal Processing,A,TTM,"December 21, 2024",09:00 AM - 11:00 AM,303 (021171016-021221051)                                                                                                                                                                                                                       304 (021221054-0212230031)
BSEEE,ACT 111/ACT 3101,Financial and Managerial Accounting,D,ShAz,"December 21, 2024",11:30 AM - 01:30 PM,303 (021193004-0212410020)
BSCSE,CSE 4783,Cryptography,A,MMAS,"December 21, 2024",11:30 AM - 01:30 PM,304 (011191132-011222091)
BSEEE,MAT 2107/MATH 187,"Complex Variables, Fourier and Laplace Transforms/Fourier & Laplace Transformations & Complex Variable",B,AM,"December 21, 2024",11:30 AM - 01:30 PM,324 (021161098-0212320013)                                                                                                                                                                                                                       325 (0212320014-0212330160)
BSEEE,MAT 2107/MATH 187,"Complex Variables, Fourier and Laplace Transforms/Fourier & Laplace Transformations & Complex Variable",C,TN,"December 21, 2024",11:30 AM - 01:30 PM,703 (021181042-0212330043)                                                                                                                                                                                                                       706 (0212330046-0212330162)
BSCSE,MATH 1151,Fundamental Calculus,A,ShIA,"December 21, 2024",11:30 AM - 01:30 PM,305 (011212134-0112420001)                                                                                                                                                                                                                       306 (0112420009-0112430034)
BSDS,MATH 1151,Fundamental Calculus,BA,MIA,"December 21, 2024",11:30 AM - 01:30 PM,307 (011212031-0112420175)                                                                                                                                                                                                                       308 (0112420177-0152330162)
BSDS,MATH 1151,Fundamental Calculus,BB,MIA,"December 21, 2024",11:30 AM - 01:30 PM,309 (011202200-0112420088)                                                                                                                                                                                                                       322 (0112420121-0152420024)
BSCSE,MATH 1151,Fundamental Calculus,C,SMYA,"December 21, 2024",11:30 AM - 01:30 PM,605 (011221352-0112420115)                                                                                                                                                                                                                       632 (0112420118-0152410059)
BSCSE,MATH 1151,Fundamental Calculus,D,SiMu,"December 21, 2024",11:30 AM - 01:30 PM,701 (011191086-0112420155)                                                                                                                                                                                                                       702 (0112420170-0112420728)
BSCSE,MATH 1151,Fundamental Calculus,E,NzHn,"December 21, 2024",11:30 AM - 01:30 PM,323 (011202100-0112420051)                                                                                                                                                                                                                       324 (0112420072-0152420005)
BSCSE,MATH 1151,Fundamental Calculus,F,MdAsn,"December 21, 2024",11:30 AM - 01:30 PM,325 (011211019-0112420127)                                                                                                                                                                                                                       328 (0112420209-0152420001)
BSCSE,MATH 1151,Fundamental Calculus,G,ShIA,"December 21, 2024",11:30 AM - 01:30 PM,329 (011212042-0112420065)                                                                                                                                                                                                                       330 (0112420082-0152420027)
BSCSE,MATH 1151,Fundamental Calculus,H,JAS,"December 21, 2024",11:30 AM - 01:30 PM,401 (011201261-0112330963)                                                                                                                                                                                                                       402 (0112331044-0112430262)
BSCSE,MATH 1151,Fundamental Calculus,I,NzHn,"December 21, 2024",11:30 AM - 01:30 PM,403 (011221213-0112420101)                                                                                                                                                                                                                       404 (0112420144-0152410069)
BSCSE,MATH 1151,Fundamental Calculus,J,JAS,"December 21, 2024",11:30 AM - 01:30 PM,405 (011213188-0112420109)                                                                                                                                                                                                                       406 (0112420110-0152330019)
BSCSE,MATH 1151,Fundamental Calculus,K,MIA,"December 21, 2024",11:30 AM - 01:30 PM,407 (011222127-0112420267)                                                                                                                                                                                                                       408 (0112420268-0112420721)
BSCSE,MATH 1151,Fundamental Calculus,L,RaRa,"December 21, 2024",11:30 AM - 01:30 PM,409 (011191109-0112410237)                                                                                                                                                                                                                       410 (0112410505-0112420669)
BSCSE,MATH 1151,Fundamental Calculus,M,RaRa,"December 21, 2024",11:30 AM - 01:30 PM,423 (011193112-0112420198)                                                                                                                                                                                                                       425 (0112420229-0112420720)
BSCSE,MATH 1151,Fundamental Calculus,N,AkAd,"December 21, 2024",11:30 AM - 01:30 PM,428 (011211122-0112420354)                                                                                                                                                                                                                       429 (0112420379-0152420023)
BSCSE,MATH 1151,Fundamental Calculus,O,AkAd,"December 21, 2024",11:30 AM - 01:30 PM,431 (011221586-0112420375)                                                                                                                                                                                                                       432 (0112420377-0152420020)
BSCSE,MATH 1151,Fundamental Calculus,P,NzHn,"December 21, 2024",11:30 AM - 01:30 PM,601 (011222094-0112420274)                                                                                                                                                                                                                       602 (0112420276-0112430230)
BSCSE,MATH 1151,Fundamental Calculus,R,JFK,"December 21, 2024",11:30 AM - 01:30 PM,603 (011202118-0112330554)                                                                                                                                                                                                                       604 (0112330624-0112420634)
BSCSE,MATH 1151/MATH 151,Differential and Integral Calculus/Fundamental Calculus,B,AkAd,"December 21, 2024",11:30 AM - 01:30 PM,630 (0112230267-0112420187)                                                                                                                                                                                                                       631 (0112420214-0152420025)
BSCSE,CSE 113/EEE 2113,Electrical Circuits,G,NTR,"December 21, 2024",02:00 PM - 04:00 PM,303 (011163028-0112330286)                                                                                                                                                                                                                       304 (0112330411-0112331120)
BSCSE,CSE 113/EEE 2113,Electrical Circuits,H,AIMM,"December 21, 2024",02:00 PM - 04:00 PM,305 (011182080-0112310314)                                                                                                                                                                                                                       306 (0112320012-0112410340)
BSCSE,CSE 113/EEE 2113,Electrical Circuits,Q,FaHa,"December 21, 2024",02:00 PM - 04:00 PM,307 (011182085-0112320164)                                                                                                                                                                                                                       308 (0112320234-0112331148)
BSCSE,CSE 123/EEE 2123,Electronics,B,NoAA,"December 21, 2024",02:00 PM - 04:00 PM,304 (011162003-0112230832)                                                                                                                                                                                                                       305 (0112230847-0112310597)
BSCSE,CSE 123/EEE 2123,Electronics,G,NoAA,"December 21, 2024",02:00 PM - 04:00 PM,306 (011162015-011222308)                                                                                                                                                                                                                       307 (0112230247-0112310607)
BSCSE,CSE 123/EEE 2123,Electronics,H,TY,"December 21, 2024",02:00 PM - 04:00 PM,308 (011161085-0112230253)                                                                                                                                                                                                                       309 (0112230263-0112320173)
BSEEE,CSE 313/EEE 4411,Computer Architecture,A,ShArn,"December 21, 2024",02:00 PM - 04:00 PM,403 (021131122-021221040)
BSCSE,CSE 315/CSE 3715,Data Communication,A,MNK,"December 21, 2024",02:00 PM - 04:00 PM,630 (011131140-0112310329)
BSCSE,EEE 2113,Electrical Circuits,A,AbHn,"December 21, 2024",02:00 PM - 04:00 PM,322 (011193112-0112330275)                                                                                                                                                                                                                       323 (0112330382-0112410525)
BSCSE,EEE 2113,Electrical Circuits,B,FaHa,"December 21, 2024",02:00 PM - 04:00 PM,324 (0112230213-0112330125)                                                                                                                                                                                                                       325 (0112330162-0112331131)
BSCSE,EEE 2113,Electrical Circuits,C,MFRn,"December 21, 2024",02:00 PM - 04:00 PM,328 (011221273-0112330363)                                                                                                                                                                                                                       329 (0112330364-0112331133)
BSCSE,EEE 2113,Electrical Circuits,D,RMT,"December 21, 2024",02:00 PM - 04:00 PM,330 (011201059-0112330390)                                                                                                                                                                                                                       401 (0112330395-0112331060)
BSCSE,EEE 2113,Electrical Circuits,E,FaHa,"December 21, 2024",02:00 PM - 04:00 PM,402 (011201052-0112330409)                                                                                                                                                                                                                       403 (0112330429-0112420719)
BSCSE,EEE 2113,Electrical Circuits,F,MFRn,"December 21, 2024",02:00 PM - 04:00 PM,404 (011193034-0112330017)                                                                                                                                                                                                                       405 (0112330023-0112410476)
BSCSE,EEE 2113,Electrical Circuits,I,AIMM,"December 21, 2024",02:00 PM - 04:00 PM,406 (011212014-0112330195)                                                                                                                                                                                                                       407 (0112330197-0112410492)
BSCSE,EEE 2113,Electrical Circuits,J,MFRn,"December 21, 2024",02:00 PM - 04:00 PM,408 (011203066-0112330170)                                                                                                                                                                                                                       409 (0112330211-0112331158)
BSCSE,EEE 2113,Electrical Circuits,K,RMT,"December 21, 2024",02:00 PM - 04:00 PM,410 (011211113-0112330111)                                                                                                                                                                                                                       423 (0112330164-0112331039)
BSCSE,EEE 2113,Electrical Circuits,L,SMSR,"December 21, 2024",02:00 PM - 04:00 PM,425 (011221461-0112330322)                                                                                                                                                                                                                       431 (0112330333-0112410182)
BSCSE,EEE 2113,Electrical Circuits,M,RMT,"December 21, 2024",02:00 PM - 04:00 PM,630 (011201313-0112320241)                                                                                                                                                                                                                       631 (0112320266-0112331168)
BSCSE,EEE 2113,Electrical Circuits,N,NTR,"December 21, 2024",02:00 PM - 04:00 PM,432 (011212089-0112330346)                                                                                                                                                                                                                       601 (0112330438-0112410303)
BSCSE,EEE 2113,Electrical Circuits,O,NTR,"December 21, 2024",02:00 PM - 04:00 PM,602 (011221352-0112330479)                                                                                                                                                                                                                       603 (0112330607-0112410536)
BSCSE,EEE 2113,Electrical Circuits,P,SMSR,"December 21, 2024",02:00 PM - 04:00 PM,604 (011201190-0112230890)                                                                                                                                                                                                                       605 (0112230927-0112331130)
BSCSE,EEE 2123,Electronics,A,AbHn,"December 21, 2024",02:00 PM - 04:00 PM,322 (011192011-0112230482)                                                                                                                                                                                                                       323 (0112230483-0112320001)
BSCSE,EEE 2123,Electronics,C,TY,"December 21, 2024",02:00 PM - 04:00 PM,324 (011201102-0112230491)                                                                                                                                                                                                                       325 (0112230569-0112310537)
BSCSE,EEE 2123,Electronics,D,TY,"December 21, 2024",02:00 PM - 04:00 PM,328 (011191086-0112230328)                                                                                                                                                                                                                       329 (0112230336-0112331094)
BSCSE,EEE 2123,Electronics,E,NoAA,"December 21, 2024",02:00 PM - 04:00 PM,330 (011221024-0112230780)                                                                                                                                                                                                                       401 (0112230973-0112310592)
BSCSE,EEE 2123,Electronics,F,AbHn,"December 21, 2024",02:00 PM - 04:00 PM,402 (011201441-0112310394)
BSEEE,EEE 255/EEE 3303,"Probability and Random Signal Analysis/Probability, Statistics and Random Variables",A,HAS,"December 21, 2024",02:00 PM - 04:00 PM,404 (021131142-021222011)                                                                                                                                                                                                                       405 (021222012-0212310058)
BSEEE,PHY 1101,Physics I,B,GMB,"December 21, 2024",02:00 PM - 04:00 PM,406 (021213033-0212420007)                                                                                                                                                                                                                       407 (0212420010-0212420081)
BSEEE,PHY 1101,Physics I,C,MAn,"December 21, 2024",02:00 PM - 04:00 PM,408 (021201046-0212420008)                                                                                                                                                                                                                       409 (0212420020-0212420073)
BSCSE,CSE 4891/CSE 491,Data Mining,A,TBD,"December 22, 2024",09:00 AM - 11:00 AM,330 (011162015-011212126)                                                                                                                                                                                                                       401 (011212135-011221266)
BSCSE,PSY 101/PSY 2101,Psychology,A,MRM,"December 22, 2024",09:00 AM - 11:00 AM,303 (011131140-0112330362)                                                                                                                                                                                                                       304 (0112330435-0152410067)
BSCSE,CSE 2215,Data Structure and Algorithms I,A,Ojn,"December 22, 2024",11:30 AM - 01:30 PM,304 (011201091-0112231029)                                                                                                                                                                                                                       305 (0112310046-0112331080)
BSCSE,CSE 2215,Data Structure and Algorithms I,B,CAG,"December 22, 2024",11:30 AM - 01:30 PM,306 (011222014-0112320105)                                                                                                                                                                                                                       307 (0112320116-0112330970)
BSDS,CSE 2215,Data Structure and Algorithms I,BC,RRK,"December 22, 2024",11:30 AM - 01:30 PM,406 (015222001-0152330065)                                                                                                                                                                                                                       407 (0152330067-0152330154)
BSDS,CSE 2215,Data Structure and Algorithms I,BD,RRK,"December 22, 2024",11:30 AM - 01:30 PM,408 (011213115-0152330079)                                                                                                                                                                                                                       409 (0152330086-0152330152)
BSCSE,CSE 2215,Data Structure and Algorithms I,C,KAN,"December 22, 2024",11:30 AM - 01:30 PM,308 (011192094-0112230710)                                                                                                                                                                                                                       309 (0112230801-0112330908)
BSCSE,CSE 2215,Data Structure and Algorithms I,D,MNH,"December 22, 2024",11:30 AM - 01:30 PM,322 (011201252-0112320051)                                                                                                                                                                                                                       323 (0112320058-0112331048)
BSCSE,CSE 2215,Data Structure and Algorithms I,E,AKM,"December 22, 2024",11:30 AM - 01:30 PM,324 (011213105-0112310506)                                                                                                                                                                                                                       325 (0112310550-0112331046)
BSCSE,CSE 2215,Data Structure and Algorithms I,F,Ojn,"December 22, 2024",11:30 AM - 01:30 PM,328 (011191035-0112331130)
BSCSE,CSE 2215,Data Structure and Algorithms I,G,TaMo,"December 22, 2024",11:30 AM - 01:30 PM,329 (011191109-0112230979)                                                                                                                                                                                                                       330 (0112231035-0112331138)
BSCSE,CSE 2215,Data Structure and Algorithms I,H,TaMo,"December 22, 2024",11:30 AM - 01:30 PM,401 (011193122-0112310392)                                                                                                                                                                                                                       402 (0112310394-0112331158)
BSCSE,CSE 2215,Data Structure and Algorithms I,I,Ojn,"December 22, 2024",11:30 AM - 01:30 PM,403 (011201209-0112330974)
BSCSE,CSE 2215,Data Structure and Algorithms I,J,CAG,"December 22, 2024",11:30 AM - 01:30 PM,404 (011212014-0112310162)                                                                                                                                                                                                                       405 (0112310254-0112331148)
BSEEE,EEE 4223/EEE 483,Renewable Energy,A,SAC,"December 22, 2024",11:30 AM - 01:30 PM,305 (021181027-021213016)
BSEEE,EEE 4223/EEE 483,Renewable Energy,B,SAC,"December 22, 2024",11:30 AM - 01:30 PM,306 (021143007-021201030)                                                                                                                                                                                                                       307 (021201039-0212310077)
BSCSE,CSE 4883,Digital Image Processing,A,RaR,"December 22, 2024",02:00 PM - 04:00 PM,308 (011191101-011212025)                                                                                                                                                                                                                       309 (011212128-011221503)
BSCSE,CSE 4883,Digital Image Processing,B,RaR,"December 22, 2024",02:00 PM - 04:00 PM,322 (011191060-011213098)                                                                                                                                                                                                                       323 (011213112-0112230796)
BSCSE,PHY 105/PHY 2105,Physics,F,RBS,"December 22, 2024",02:00 PM - 04:00 PM,324 (011163013-0112330315)                                                                                                                                                                                                                       325 (0112330454-0112420583)
BSCSE,PHY 105/PHY 2105,Physics,S,MASn,"December 22, 2024",02:00 PM - 04:00 PM,328 (011172007-0112420436)
BSCSE,PHY 2105,Physics,A,AnAd,"December 22, 2024",02:00 PM - 04:00 PM,329 (011202075-0112330365)                                                                                                                                                                                                                       330 (0112330366-0152330136)
BSCSE,PHY 2105,Physics,B,SaDa,"December 22, 2024",02:00 PM - 04:00 PM,401 (011213062-0112330156)                                                                                                                                                                                                                       402 (0112330175-0112331131)
BSDS,PHY 2105,Physics,BA,AyFz,"December 22, 2024",02:00 PM - 04:00 PM,711 (011221020-0112330437)                                                                                                                                                                                                                       722 (0112330451-0152410027)
BSDS,PHY 2105,Physics,BB,HaHR,"December 22, 2024",02:00 PM - 04:00 PM,723 (011201301-0112330932)                                                                                                                                                                                                                       801 (0112331152-0152410068)
BSDS,PHY 2105,Physics,BC,SaDa,"December 22, 2024",02:00 PM - 04:00 PM,802 (011222286-0152330156)                                                                                                                                                                                                                       803 (0152330160-0152420003)
BSCSE,PHY 2105,Physics,C,MAn,"December 22, 2024",02:00 PM - 04:00 PM,403 (011201411-0112330308)                                                                                                                                                                                                                       404 (0112330324-0112420556)
BSCSE,PHY 2105,Physics,D,SaDa,"December 22, 2024",02:00 PM - 04:00 PM,405 (011202037-0112330431)                                                                                                                                                                                                                       406 (0112330460-0112410395)
BSCSE,PHY 2105,Physics,E,MNHn,"December 22, 2024",02:00 PM - 04:00 PM,407 (011201377-0112330540)                                                                                                                                                                                                                       408 (0112330610-0152420008)
BSCSE,PHY 2105,Physics,H,MASn,"December 22, 2024",02:00 PM - 04:00 PM,409 (011213024-0112410299)
BSCSE,PHY 2105,Physics,I,AyFz,"December 22, 2024",02:00 PM - 04:00 PM,410 (011211105-0112310344)                                                                                                                                                                                                                       423 (0112310453-0112420586)
BSCSE,PHY 2105,Physics,J,SaSu,"December 22, 2024",02:00 PM - 04:00 PM,425 (011202272-0112330322)                                                                                                                                                                                                                       428 (0112330333-0112420612)
BSCSE,PHY 2105,Physics,K,MNHn,"December 22, 2024",02:00 PM - 04:00 PM,429 (011192034-0112330347)                                                                                                                                                                                                                       431 (0112330368-0112420365)
BSCSE,PHY 2105,Physics,L,RBS,"December 22, 2024",02:00 PM - 04:00 PM,432 (011191109-0112330391)                                                                                                                                                                                                                       601 (0112330446-0112331031)
BSCSE,PHY 2105,Physics,M,HaHR,"December 22, 2024",02:00 PM - 04:00 PM,602 (011202310-0112330292)                                                                                                                                                                                                                       603 (0112330296-0112420373)
BSCSE,PHY 2105,Physics,N,AyFz,"December 22, 2024",02:00 PM - 04:00 PM,604 (011211097-0112330536)                                                                                                                                                                                                                       605 (0112330612-0112410207)
BSCSE,PHY 2105,Physics,O,HaHR,"December 22, 2024",02:00 PM - 04:00 PM,630 (011211049-0112330376)                                                                                                                                                                                                                       631 (0112330398-0112420675)
BSCSE,PHY 2105,Physics,P,MASn,"December 22, 2024",02:00 PM - 04:00 PM,632 (011221226-0112331151)
BSCSE,PHY 2105,Physics,Q,AnAd,"December 22, 2024",02:00 PM - 04:00 PM,701 (011213143-0112320014)                                                                                                                                                                                                                       702 (0112320034-0112420731)
BSCSE,PHY 2105,Physics,R,AnAd,"December 22, 2024",02:00 PM - 04:00 PM,703 (011213051-0112330429)                                                                                                                                                                                                                       706 (0112330445-0152410033)
BSCSE,PHY 2105,Physics,U,NBZ,"December 22, 2024",02:00 PM - 04:00 PM,707 (011221005-0112330302)                                                                                                                                                                                                                       708 (0112330332-0112410407)
BBA,BMT 2113/QNT 2105,Business Mathematics II/Mathematics for Business Decision,A,IZC,"December 14, 2024",09:00 AM - 11:00 AM,201 (111213034-1112410020)                                                                                                                                                                                                                       202 (1112410026-1142410009)
BBA,BMT 2113/QNT 2105,Business Mathematics II/Mathematics for Business Decision,B,ShAz,"December 14, 2024",09:00 AM - 11:00 AM,203 (111201093-1112330091)                                                                                                                                                                                                                       204 (1112330132-1142330023)
BBA,BMT 2113/QNT 2105,Business Mathematics II/Mathematics for Business Decision,C,ShAz,"December 14, 2024",09:00 AM - 11:00 AM,205 (111191074-1112320011)                                                                                                                                                                                                                       206 (1112320018-1142330024)
BBA,BMT 2113/QNT 2105,Business Mathematics II/Mathematics for Business Decision,D,SCT,"December 14, 2024",09:00 AM - 11:00 AM,207 (111181048-1112330149)                                                                                                                                                                                                                       208 (1112330151-1142410015)
BBA,BMT 2113/QNT 2105,Business Mathematics II/Mathematics for Business Decision,E,ShAz,"December 14, 2024",09:00 AM - 11:00 AM,209 (111191154-1112330020)                                                                                                                                                                                                                       210 (1112330032-1142410001)
BBA,ENG 1011,English I,A,AArSh,"December 14, 2024",09:00 AM - 11:00 AM,202 (1112330053-1112430129)                                                                                                                                                                                                                       203 (1112430130-1212430013)
BBA,ENG 1011,English I,B,EHaq,"December 14, 2024",09:00 AM - 11:00 AM,204 (1112330105-1112430106)                                                                                                                                                                                                                       205 (1112430117-1212410008)
BBA,ENG 1011,English I,C,AShK,"December 14, 2024",09:00 AM - 11:00 AM,206 (1112410130-1112430089)                                                                                                                                                                                                                       207 (1112430090-1212430004)
BBA,ENG 1011,English I,D,AArSh,"December 14, 2024",09:00 AM - 11:00 AM,208 (1112230245-1112430096)                                                                                                                                                                                                                       209 (1112430098-1142430010)
BBA,ENG 1011,English I,E,AArSh,"December 14, 2024",09:00 AM - 11:00 AM,210 (1112320035-1112430083)                                                                                                                                                                                                                       211 (1112430085-1142430020)
BBA,FIN 4333,Financial Analytics,A,MUd,"December 14, 2024",09:00 AM - 11:00 AM,227 (Computer Lab) (111191071-114221028)
BBA,MGT 3224/MGT 4132,Operations Management/Production and Operations Management,A,MSna,"December 14, 2024",09:00 AM - 11:00 AM,222 (111172068-111222005)                                                                                                                                                                                                                       223 (111222006-121213006)
BBA,MGT 3224/MGT 4132,Operations Management/Production and Operations Management,B,MSna,"December 14, 2024",09:00 AM - 11:00 AM,224 (111182016-111221198)                                                                                                                                                                                                                       225 (111221200-114182001)
BBA,MGT 3224/MGT 4132,Operations Management/Production and Operations Management,C,NHMS,"December 14, 2024",09:00 AM - 11:00 AM,228 (111181086-111221095)                                                                                                                                                                                                                       211 (111221102-1112330226)
BBA in AIS,AIS 3209,Tax Accounting and Tax Planning,A,MHM,"December 14, 2024",11:30 AM - 01:30 PM,201 (114191009-1142310007)
BBA,ENG 1013,English II,A,TAT,"December 14, 2024",11:30 AM - 01:30 PM,202 (111221089-1112420066)                                                                                                                                                                                                                       203 (1112420067-1212420010)
BBA,ENG 1013,English II,B,RnIm,"December 14, 2024",11:30 AM - 01:30 PM,205 (1112310013-1112420153)                                                                                                                                                                                                                       201 (1112420155-1212420011)
BBA,ENG 1013,English II,C,TAT,"December 14, 2024",11:30 AM - 01:30 PM,206 (111212029-1112420109)                                                                                                                                                                                                                       207 (1112420113-1212410020)
BBA,ENG 1013,English II,D,ChMR,"December 14, 2024",11:30 AM - 01:30 PM,208 (111213064-1112420119)                                                                                                                                                                                                                       209 (1112420129-1142420026)
BBA,ENG 1013,English II,E,KhJS,"December 14, 2024",11:30 AM - 01:30 PM,210 (111222010-1212330009)
BBA,ENG 1013,English II,F,ShAHu,"December 14, 2024",11:30 AM - 01:30 PM,211 (111212081-1112420104)                                                                                                                                                                                                                       222 (1112420110-1142420022)
BBA,MKT 4204,Strategic Marketing,A,KA,"December 14, 2024",11:30 AM - 01:30 PM,203 (111162027-111213095)
BSECO,ECO 3302/ECO 3304,Intermediate Macroeconomic Theory II/Intermediate Macroeconomics II,A,MAkHn,"December 14, 2024",02:00 PM - 04:00 PM,201 (121182003-1212310014)
BSECO,ECO 3360,Socioeconomic Profiles of Bangladesh,A,AAsh,"December 15, 2024",09:00 AM - 11:00 AM,202 (121211006-121222002)                                                                                                                                                                                                                       203 (121222009-1212310018)
BBA in AIS,MGT 2208,Human Resource Management & Organizational Behavior,A,IS,"December 15, 2024",09:00 AM - 11:00 AM,202 (114172005-1142430019)
BBA,MGT 2318,Organizational Behavior,A,IS,"December 15, 2024",09:00 AM - 11:00 AM,203 (111201139-1112230216)                                                                                                                                                                                                                       204 (1112230221-1112330090)
BBA,MGT 2318,Organizational Behavior,B,IS,"December 15, 2024",09:00 AM - 11:00 AM,205 (111221085-1112310066)                                                                                                                                                                                                                       206 (1112310097-1112410146)
BBA,MGT 2318,Organizational Behavior,C,SK,"December 15, 2024",09:00 AM - 11:00 AM,207 (111181087-1112230057)                                                                                                                                                                                                                       208 (1112230145-1112320122)
BBA,MGT 3122,Human Resources Management,A,HRJ,"December 15, 2024",09:00 AM - 11:00 AM,204 (111192018-111222004)                                                                                                                                                                                                                       205 (111222012-1112320063)
BBA,MGT 3122,Human Resources Management,B,HRJ,"December 15, 2024",09:00 AM - 11:00 AM,206 (111173097-111222169)                                                                                                                                                                                                                       207 (1112230004-1112330074)
BBA,MGT 3122,Human Resources Management,C,ASSZ,"December 15, 2024",09:00 AM - 11:00 AM,208 (111183011-111222026)                                                                                                                                                                                                                       209 (111222030-1112320087)
BBA,MGT 4356,Strategic Management,A,ASSZ,"December 15, 2024",09:00 AM - 11:00 AM,209 (111191020-111202030)                                                                                                                                                                                                                       210 (111202094-114221001)
BBA,MGT 4356,Strategic Management,B,NAr,"December 15, 2024",09:00 AM - 11:00 AM,211 (111151098-111201239)                                                                                                                                                                                                                       222 (111201268-114221011)
BSECO,ECO 2301/ECO 2304/ECO 2314,Intermediate Microeconomic Theory I/Intermediate Microeconomics/Intermediate Microeconomics I,A,MSS,"December 15, 2024",11:30 AM - 01:30 PM,210 (121182003-1212330009)                                                                                                                                                                                                                       211 (1212330010-1212410004)
BBA,MGT 1307,Principles of Management,A,BJ,"December 15, 2024",11:30 AM - 01:30 PM,222 (111202111-1112410067)                                                                                                                                                                                                                       210 (1112410077-1142410019)
BBA,MGT 1307,Principles of Management,B,BJ,"December 15, 2024",11:30 AM - 01:30 PM,224 (111221025-1112330138)                                                                                                                                                                                                                       203 (1112330163-1142330012)
BBA,MGT 1307,Principles of Management,C,SK,"December 15, 2024",11:30 AM - 01:30 PM,228 (111191020-1112330205)                                                                                                                                                                                                                       211 (1112330215-1142330025)
BBA,MGT 1307,Principles of Management,D,SK,"December 15, 2024",11:30 AM - 01:30 PM,201 (111221051-1112410010)                                                                                                                                                                                                                       202 (1112410027-1142410014)
BBA,SCM 4313,Service Operation Management,A,SdHn,"December 15, 2024",11:30 AM - 01:30 PM,203 (111171185-111221113)
BBA,ACN 4340/AIS 2306,Auditing/Principles of Auditing,A,MTH,"December 15, 2024",02:00 PM - 04:00 PM,201 (111182131-1142310004)
BBA,BUS 1102,Introduction to Business,A,SeyS,"December 17, 2024",09:00 AM - 11:00 AM,201 (111213105-1112430080)                                                                                                                                                                                                                       203 (1112430087-1212310003)
BBA,BUS 1102,Introduction to Business,B,SeyS,"December 17, 2024",09:00 AM - 11:00 AM,204 (1112330183-1112430108)                                                                                                                                                                                                                       205 (1112430110-1212320010)
BBA,BUS 1102,Introduction to Business,C,BJ,"December 17, 2024",09:00 AM - 11:00 AM,206 (1112230275-1112430089)                                                                                                                                                                                                                       207 (1112430090-1212420013)
BBA,BUS 1102,Introduction to Business,D,BJ,"December 17, 2024",09:00 AM - 11:00 AM,208 (1112230226-1112430096)                                                                                                                                                                                                                       209 (1112430098-1212310016)
BBA,BUS 1102,Introduction to Business,E,AAFd,"December 17, 2024",09:00 AM - 11:00 AM,210 (111222164-1112430083)                                                                                                                                                                                                                       211 (1112430085-1212410013)
BBA,MKT 3336,Marketing Management,A,MdSA,"December 17, 2024",09:00 AM - 11:00 AM,202 (111171117-111221024)                                                                                                                                                                                                                       203 (111221045-1112230155)
BBA,MKT 3336,Marketing Management,B,SeyS,"December 17, 2024",09:00 AM - 11:00 AM,207 (111192005-111221082)                                                                                                                                                                                                                       205 (111221090-1112310159)
BBA,MKT 4101,Consumer Behavior,A,MKHn,"December 17, 2024",09:00 AM - 11:00 AM,201 (111162027-111201133)                                                                                                                                                                                                                       202 (111201163-111221196)
BSECO,ECO 2365,Environmental Economics,A,SCT,"December 17, 2024",11:30 AM - 01:30 PM,202 (121203002-1212320011)
BBA,HRM 4363,International Human Resource Management,A,PMM,"December 17, 2024",11:30 AM - 01:30 PM,203 (111181048-111222079)
BBA,MKT 2320,Introduction to Marketing,A,SRA,"December 17, 2024",11:30 AM - 01:30 PM,203 (111183076-1112310029)                                                                                                                                                                                                                       204 (1112310054-1212330012)
BBA,MKT 2320,Introduction to Marketing,B,SeyS,"December 17, 2024",11:30 AM - 01:30 PM,205 (111213012-1112230122)                                                                                                                                                                                                                       206 (1112230132-1212310001)
BBA,MKT 2320,Introduction to Marketing,C,MKHn,"December 17, 2024",11:30 AM - 01:30 PM,207 (111173097-111222046)                                                                                                                                                                                                                       208 (111222050-121202003)
BBA,SOC 1105,Sociology and Psychology,A,MRM,"December 17, 2024",11:30 AM - 01:30 PM,204 (111211017-1112330100)                                                                                                                                                                                                                       205 (1112330109-121222009)
BBA,SOC 1105,Sociology and Psychology,B,MRM,"December 17, 2024",11:30 AM - 01:30 PM,206 (111211025-1112410043)                                                                                                                                                                                                                       207 (1112410045-121221011)
BBA,SOC 1105,Sociology and Psychology,C,MRM,"December 17, 2024",11:30 AM - 01:30 PM,208 (111212066-1112410026)                                                                                                                                                                                                                       209 (1112410050-121211008)
BBA,SOC 1105,Sociology and Psychology,D,MRM,"December 17, 2024",11:30 AM - 01:30 PM,210 (111221153-1112330204)                                                                                                                                                                                                                       211 (1112330206-1142410019)
BBA,SOC 1105,Sociology and Psychology,E,ShaIs,"December 17, 2024",11:30 AM - 01:30 PM,222 (111193049-1112410048)                                                                                                                                                                                                                       223 (1112410052-1142410013)
BBA,SOC 1105,Sociology and Psychology,F,ShaIs,"December 17, 2024",11:30 AM - 01:30 PM,224 (111211033-1112330182)                                                                                                                                                                                                                       225 (1112330239-1142420003)
BBA,SOC 1105,Sociology and Psychology,G,ShaIs,"December 17, 2024",11:30 AM - 01:30 PM,228 (111212029-114213005)
BBA,SOC 1105,Sociology and Psychology,H,ShaIs,"December 17, 2024",11:30 AM - 01:30 PM,201 (111193041-1212230012)
BBA,BSA 4201,Applied Decision Modeling,A,MdQ,"December 17, 2024",02:00 PM - 04:00 PM,227 (Computer Lab) (111201078-111221199)
BBA,LAW 2106/LAW 4151,Business Law/Commercial & Industrial Laws,A,Jkn,"December 17, 2024",02:00 PM - 04:00 PM,203 (111151098-111212067)                                                                                                                                                                                                                       204 (111213034-1142330006)
BBA,LAW 2106/LAW 4151,Business Law/Commercial & Industrial Laws,B,Jkn,"December 17, 2024",02:00 PM - 04:00 PM,205 (111172068-111221093)                                                                                                                                                                                                                       206 (111221094-114221008)
BBA in AIS,LAW 3328,Corporate Law & Secretarial Practice,A,Jkn,"December 17, 2024",02:00 PM - 04:00 PM,201 (114212004-1142310007)
BBA,CST 1206/CST 1303,Computer Application in Business/Computer Applications,B,JHC,"December 18, 2024",09:00 AM - 11:00 AM,227 (Computer Lab) (1112310159-1112420113)                                                                                                                                                                                                                       326 (Computer Lab) (1112420119-1142420019)
BBA,CST 1206/CST 1303,Computer Application in Business/Computer Applications,C,JHC,"December 18, 2024",09:00 AM - 11:00 AM,327 (Computer Lab) (111222043-1112420178)                                                                                                                                                                                                                       422 (Computer Lab) (1112420200-1212410020)
BBA,CST 1206/CST 1303,Computer Application in Business/Computer Applications,E,JHC,"December 18, 2024",09:00 AM - 11:00 AM,523 (Computer Lab) (111202074-1112420095)                                                                                                                                                                                                                       524 (Computer Lab) (1112420097-1212330017)
BBA,CST 1206/CST 1303,Computer Application in Business/Computer Applications,F,Jkn,"December 18, 2024",09:00 AM - 11:00 AM,427 (Computer Lab) (111191020-1112420046)                                                                                                                                                                                                                       522 (Computer Lab) (1112420096-1142420008)
BBA,CST 1206/CST 1303,Computer Application in Business/Computer Applications,G,Jkn,"December 18, 2024",09:00 AM - 11:00 AM,424 (Computer Lab) (111193044-1112420133)                                                                                                                                                                                                                       426 (Computer Lab) (1112420137-1212420006)
BBA,FIN 2319,Principles of Finance,A,MEH,"December 18, 2024",09:00 AM - 11:00 AM,202 (111182132-1112230158)                                                                                                                                                                                                                       203 (1112230177-1212410004)
BBA,FIN 2319,Principles of Finance,B,ZN,"December 18, 2024",09:00 AM - 11:00 AM,204 (111161188-1112230026)                                                                                                                                                                                                                       205 (1112230039-1212330016)
BBA,FIN 2319,Principles of Finance,C,ZN,"December 18, 2024",09:00 AM - 11:00 AM,206 (111183025-111222095)                                                                                                                                                                                                                       207 (111222123-114222014)
BBA,FIN 2319,Principles of Finance,D,ZN,"December 18, 2024",09:00 AM - 11:00 AM,208 (111171276-1112230045)                                                                                                                                                                                                                       209 (1112230058-1112320122)
BBA,FIN 3123,Managerial Finance,A,MEH,"December 18, 2024",09:00 AM - 11:00 AM,210 (111182016-111221098)                                                                                                                                                                                                                       211 (111221126-1142230021)
BBA,FIN 3123,Managerial Finance,B,MEH,"December 18, 2024",09:00 AM - 11:00 AM,222 (111173038-1112230234)
BBA,FIN 3123,Managerial Finance,C,MEH,"December 18, 2024",09:00 AM - 11:00 AM,223 (111172068-111221016)                                                                                                                                                                                                                       224 (111221036-114222022)
BBA,FIN 4219,Securities Analysis and Portfolio Management,A,MMs,"December 18, 2024",09:00 AM - 11:00 AM,201 (111192053-121211007)
BBA,ACN 4342/AIS 3310,Accounting Information Systems,A,MTH,"December 18, 2024",11:30 AM - 01:30 PM,227 (Computer Lab) (111172099-1142310007)
BBA,CST 1206/CST 1303,Computer Application in Business/Computer Applications,A,MdSA,"December 18, 2024",11:30 AM - 01:30 PM,326 (Computer Lab) (1112230180-1112420130)                                                                                                                                                                                                                       327 (Computer Lab) (1112420131-1212420015)
BBA,CST 1206/CST 1303,Computer Application in Business/Computer Applications,D,MdSA,"December 18, 2024",11:30 AM - 01:30 PM,424 (Computer Lab) (111201007-1112420060)                                                                                                                                                                                                                       426 (Computer Lab) (1112420064-1212420002)
BBA,CST 1206/CST 1303,Computer Application in Business/Computer Applications,H,MdSA,"December 18, 2024",11:30 AM - 01:30 PM,427 (Computer Lab) (111193106-1112420154)                                                                                                                                                                                                                       522 (Computer Lab) (1112420156-1212410019)
BSECO,ECO 3310,Money and Banking,A,MAkHn,"December 18, 2024",11:30 AM - 01:30 PM,203 (121221005-1212310018)
BBA,SCM 4202,Enterprise Resource Planning (ERP),A,NHMS,"December 18, 2024",11:30 AM - 01:30 PM,201 (111171185-111221079)
BSECO,ECO 4390,Research Methodology,A,AAsh,"December 18, 2024",02:00 PM - 04:00 PM,202 (121191001-121222011)
BBA,MGT 3229,Entrepreneurship and Business Plan Development,A,NAr,"December 18, 2024",02:00 PM - 04:00 PM,202 (111192006-1112230074)
BBA,MGT 3229,Entrepreneurship and Business Plan Development,B,NAr,"December 18, 2024",02:00 PM - 04:00 PM,203 (111182131-111212049)                                                                                                                                                                                                                       204 (111212068-1112230274)
BBA,MIS 2218,Advanced Computer Applications in Business,A,ItJn,"December 18, 2024",02:00 PM - 04:00 PM,227 (Computer Lab) (111183044-1112230140)                                                                                                                                                                                                                       326 (Computer Lab) (1112310057-1142430019)
BBA,MIS 2218,Advanced Computer Applications in Business,B,AIK,"December 18, 2024",02:00 PM - 04:00 PM,327 (Computer Lab) (111192073-1112230065)                                                                                                                                                                                                                       422 (Computer Lab) (1112230130-1142230010)
BBA,MIS 2218,Advanced Computer Applications in Business,C,AIK,"December 18, 2024",02:00 PM - 04:00 PM,424 (Computer Lab) (111201221-1112330001)                                                                                                                                                                                                                       426 (Computer Lab) (1112330018-1142330007)
BBA,MIS 2218,Advanced Computer Applications in Business,D,ZN,"December 18, 2024",02:00 PM - 04:00 PM,522 (Computer Lab) (111201228-1112310063)                                                                                                                                                                                                                       523 (Computer Lab) (1112310064-1142310004)
BBA,ACN 1205/AIS 1201,Financial Accounting I/Principles of Accounting,A,SIT,"December 19, 2024",09:00 AM - 11:00 AM,205 (111191074-1112330169)                                                                                                                                                                                                                       206 (1112330207-1212330003)
BBA,ACN 1205/AIS 1201,Financial Accounting I/Principles of Accounting,B,JBS,"December 19, 2024",09:00 AM - 11:00 AM,207 (111222129-1112410053)                                                                                                                                                                                                                       208 (1112410061-1142410003)
BBA,ACN 1205/AIS 1201,Financial Accounting I/Principles of Accounting,C,SKa,"December 19, 2024",09:00 AM - 11:00 AM,209 (111191071-1112410012)                                                                                                                                                                                                                       210 (1112410045-1212330016)
BBA,ACN 1205/AIS 1201,Financial Accounting I/Principles of Accounting,D,JBS,"December 19, 2024",09:00 AM - 11:00 AM,211 (111192094-1112410076)                                                                                                                                                                                                                       222 (1112410115-1212330026)
BBA,ACN 4136/AIS 2204,Advanced Accounting-I/Advanced Financial Accounting - I,A,MTH,"December 19, 2024",09:00 AM - 11:00 AM,211 (111172099-1142330033)
BBA,ACN 4238/AIS 3107,Advanced Accounting-II/Advanced Financial Accounting - II,A,MHM,"December 19, 2024",09:00 AM - 11:00 AM,222 (111182131-114222006)
BBA,BSA 4202,Advanced Analytics,A,AIK,"December 19, 2024",09:00 AM - 11:00 AM,227 (Computer Lab) (111191005-111221199)
BBA,HRM 4153,Human Resource Planning,A,HRJ,"December 19, 2024",09:00 AM - 11:00 AM,201 (111173038-111222018)
BBA,ACN 1309/AIS 1302,Financial Accounting II/Intermediate Accounting,A,IZC,"December 19, 2024",11:30 AM - 01:30 PM,202 (111201066-1112330039)                                                                                                                                                                                                                       203 (1112330060-1142410009)
BBA,ACN 1309/AIS 1302,Financial Accounting II/Intermediate Accounting,B,MHM,"December 19, 2024",11:30 AM - 01:30 PM,204 (111193080-1112330159)                                                                                                                                                                                                                       205 (1112330164-1142410015)
BBA,ACN 1309/AIS 1302,Financial Accounting II/Intermediate Accounting,C,IZC,"December 19, 2024",11:30 AM - 01:30 PM,206 (111201007-1112330025)                                                                                                                                                                                                                       207 (1112330026-1142330025)
BBA,ACN 1309/AIS 1302,Financial Accounting II/Intermediate Accounting,D,MHM,"December 19, 2024",11:30 AM - 01:30 PM,208 (111162027-1112320070)                                                                                                                                                                                                                       209 (1112320093-1142330024)
BSECO,ECO 1303,Mathematics for Business and Economics I,A,TrAd,"December 19, 2024",11:30 AM - 01:30 PM,202 (1212330014-1212430013)
BSECO,ECO 4391,Welfare Economics,A,AAsh,"December 19, 2024",11:30 AM - 01:30 PM,203 (121202003-121222011)
BBA,MGT 3341,Project Management,A,FAhS,"December 19, 2024",11:30 AM - 01:30 PM,204 (111191059-111221175)
BBA,MGT 3341,Project Management,B,FAhS,"December 19, 2024",11:30 AM - 01:30 PM,205 (111182063-111212028)                                                                                                                                                                                                                       206 (111212033-1112230274)
BBA,ACN 2215/AIS 4103,Management Accounting/Management Accounting-I,A,SKa,"December 19, 2024",02:00 PM - 04:00 PM,207 (111183044-1112230049)                                                                                                                                                                                                                       208 (1112230068-114191005)
BBA,ACN 2215/AIS 4103,Management Accounting/Management Accounting-I,B,SKa,"December 19, 2024",02:00 PM - 04:00 PM,209 (111183042-1112430112)
BBA,ACN 2215/AIS 4103,Management Accounting/Management Accounting-I,C,IJ,"December 19, 2024",02:00 PM - 04:00 PM,210 (111182063-1112230094)                                                                                                                                                                                                                       211 (1112230103-114221011)
BSECO,ECO 2303,Mathematics for Business and Economics II,A,TrAd,"December 19, 2024",02:00 PM - 04:00 PM,201 (121212001-1212330027)                                                                                                                                                                                                                       202 (1212330028-1212410020)
BBA,BDS 1201,History of the Emergence of Bangladesh,A,AAsh,"December 20, 2024",08:30 AM - 10:30 AM,202 (111211049-1112410031)                                                                                                                                                                                                                       203 (1112410085-1212310007)
BBA,FIN 4116,Management of Financial Institutions,A,MEH,"December 20, 2024",08:30 AM - 10:30 AM,203 (111201069-114221028)
BBA,SCM 4311,Supply Chain Risk and Disruption Management,A,SdHn,"December 20, 2024",08:30 AM - 10:30 AM,201 (111173105-111201255)                                                                                                                                                                                                                       202 (111201266-111222118)
BBA,BST 1308/ECO 1334/QNT 1202,Basic Statistics/Business Statistics I/Statistics for Business and Economics I,A,MHAMn,"December 20, 2024",11:00 AM - 01:00 PM,202 (111213111-1112330088)                                                                                                                                                                                                                       203 (1112330093-1212410019)
BBA,BST 1308/ECO 1334/QNT 1202,Basic Statistics/Business Statistics I/Statistics for Business and Economics I,D,ItJn,"December 20, 2024",11:00 AM - 01:00 PM,204 (111192002-1112230231)                                                                                                                                                                                                                       205 (1112230276-1212330035)
BBA,BST 1308/QNT 1202,Basic Statistics/Business Statistics I,B,MHAMn,"December 20, 2024",11:00 AM - 01:00 PM,203 (111171276-1112330048)                                                                                                                                                                                                                       204 (1112330052-1142410019)
BBA,BST 1308/QNT 1202,Basic Statistics/Business Statistics I,C,SBAr,"December 20, 2024",11:00 AM - 01:00 PM,205 (111183076-1112310079)                                                                                                                                                                                                                       206 (1112310116-1142410014)
BSECO,ECO 3370/ECO 3372,Basic Econometrics/Econometrics I,A,MAkHn,"December 20, 2024",11:00 AM - 01:00 PM,206 (121203002-1212310017)
BBA,MKT 4311,Brand Management,A,KMR,"December 20, 2024",11:00 AM - 01:00 PM,201 (111191052-111213095)
BBA,BST 2216/QNT 3307,Applied Business Statistics/Business Statistics II,A,MUd,"December 20, 2024",02:30 PM - 04:30 PM,202 (111173038-1112230163)                                                                                                                                                                                                                       203 (1112230185-1142230017)
BBA,BST 2216/QNT 3307,Applied Business Statistics/Business Statistics II,B,MUd,"December 20, 2024",02:30 PM - 04:30 PM,204 (111161188-1112230267)                                                                                                                                                                                                                       205 (1112310013-1142430019)
BBA,BST 2216/QNT 3307,Applied Business Statistics/Business Statistics II,C,MUd,"December 20, 2024",02:30 PM - 04:30 PM,206 (111171117-111222080)                                                                                                                                                                                                                       207 (111222127-1142330004)
BBA,BST 2216/QNT 3307,Applied Business Statistics/Business Statistics II,D,ItJn,"December 20, 2024",02:30 PM - 04:30 PM,208 (111183026-1112230085)                                                                                                                                                                                                                       209 (1112230087-1142320006)
BSECO,ECO 1374,Statistics for Business and Economics II,A,MSS,"December 20, 2024",02:30 PM - 04:30 PM,202 (121211009-1212330037)
BBA,MIS 4399,Introduction to Big Data,A,AIK,"December 20, 2024",02:30 PM - 04:30 PM,227 (Computer Lab) (111201023-111202136)
BBA,MGT 3225,E-Business,A,TIM,"December 21, 2024",09:00 AM - 11:00 AM,227 (Computer Lab) (111191063-111213016)                                                                                                                                                                                                                       326 (Computer Lab) (111213081-111222168)
BBA,MGT 3225,E-Business,B,TIM,"December 21, 2024",09:00 AM - 11:00 AM,327 (Computer Lab) (111183098-1142230011)
BBA,ACN 4237/AIS 3208,Cost Accounting,A,JBS,"December 21, 2024",11:30 AM - 01:30 PM,202 (111201234-114221022)                                                                                                                                                                                                                       203 (114221023-1142310007)
BBA,BUS 2112,Business Communications,A,MKHn,"December 21, 2024",11:30 AM - 01:30 PM,204 (111181087-1112330126)                                                                                                                                                                                                                       205 (1112330212-1212410017)
BBA,BUS 2112,Business Communications,B,MKHn,"December 21, 2024",11:30 AM - 01:30 PM,206 (111193122-1112330094)                                                                                                                                                                                                                       207 (1112330101-1212420013)
BBA,BUS 2112,Business Communications,C,KMR,"December 21, 2024",11:30 AM - 01:30 PM,208 (111213123-1112330046)                                                                                                                                                                                                                       209 (1112330049-1212330036)
BBA,BUS 2112,Business Communications,D,KMR,"December 21, 2024",11:30 AM - 01:30 PM,210 (111193041-1112330124)                                                                                                                                                                                                                       211 (1112330129-1212320007)
BBA,MKT 4313,Digital Marketing,A,TIM,"December 21, 2024",11:30 AM - 01:30 PM,326 (Computer Lab) (111182059-111201239)                                                                                                                                                                                                                       327 (Computer Lab) (111201241-111211097)
BBA,CST 2321,Business Analytics,A,ZN,"December 21, 2024",02:00 PM - 04:00 PM,326 (Computer Lab) (111191074-111221043)                                                                                                                                                                                                                       327 (Computer Lab) (111221080-114222014)
BBA,CST 2321,Business Analytics,B,AIK,"December 21, 2024",02:00 PM - 04:00 PM,422 (Computer Lab) (111183011-111212014)                                                                                                                                                                                                                       424 (Computer Lab) (111212023-114221001)
BBA,CST 2321,Business Analytics,C,MdQ,"December 21, 2024",02:00 PM - 04:00 PM,227 (Computer Lab) (111163108-114222006)
BSECO,ECO 3311,Public Finance,A,MSS,"December 21, 2024",02:00 PM - 04:00 PM,201 (121192006-1212310017)
BBA,BMT 1103/QNT 1104,Basic Mathematics/Business Mathematics I,A,SBAr,"December 22, 2024",09:00 AM - 11:00 AM,305 (111222017-1112420111)                                                                                                                                                                                                                       306 (1112420115-1142420004)
BBA,BMT 1103/QNT 1104,Basic Mathematics/Business Mathematics I,B,GCD,"December 22, 2024",09:00 AM - 11:00 AM,307 (111213030-1112420079)                                                                                                                                                                                                                       308 (1112420083-1142420025)
BBA,BMT 1103/QNT 1104,Basic Mathematics/Business Mathematics I,C,SIT,"December 22, 2024",09:00 AM - 11:00 AM,209 (111202002-1112420092)                                                                                                                                                                                                                       207 (1112420098-1142420024)
BBA,BMT 1103/QNT 1104,Basic Mathematics/Business Mathematics I,D,MSna,"December 22, 2024",09:00 AM - 11:00 AM,309 (111221025-1112420131)                                                                                                                                                                                                                       322 (1112420133-1142420012)
BBA,BMT 1103/QNT 1104,Basic Mathematics/Business Mathematics I,E,MSna,"December 22, 2024",09:00 AM - 11:00 AM,210 (111201139-1112420087)                                                                                                                                                                                                                       211 (1112420089-1142420026)
BBA,BMT 1103/QNT 1104,Basic Mathematics/Business Mathematics I,F,SIT,"December 22, 2024",09:00 AM - 11:00 AM,222 (111221185-1112420053)                                                                                                                                                                                                                       223 (1112420066-1142430011)
BBA,BMT 1103/QNT 1104,Basic Mathematics/Business Mathematics I,G,GCD,"December 22, 2024",09:00 AM - 11:00 AM,224 (111221051-1112430088)                                                                                                                                                                                                                       225 (1112430091-1142430014)
BBA,BMT 1103/QNT 1104,Basic Mathematics/Business Mathematics I,H,GCD,"December 22, 2024",09:00 AM - 11:00 AM,323 (111212045-1112430076)                                                                                                                                                                                                                       324 ( 1112430079-1142430017)
BBA,BMT 1103/QNT 1104,Basic Mathematics/Business Mathematics I,I,GCD,"December 22, 2024",09:00 AM - 11:00 AM,201 (111221066-1112430063)                                                                                                                                                                                                                       202 (1112430066-1142430010)
BBA,BMT 1103/QNT 1104,Basic Mathematics/Business Mathematics I,J,GCD,"December 22, 2024",09:00 AM - 11:00 AM,203 (111222150-1112430078)                                                                                                                                                                                                                       204 (1112430082-1142430020)
BBA,BMT 1103/QNT 1104,Basic Mathematics/Business Mathematics I,K,IZC,"December 22, 2024",09:00 AM - 11:00 AM,205 (111211049-1112430048)                                                                                                                                                                                                                       206 (1112430050-1142430018)
BBA,ECN 2214/ECO 1302,Introduction to Macroeconomics/Macroeconomics,A,TJT,"December 22, 2024",09:00 AM - 11:00 AM,202 (111222112-1112320095)                                                                                                                                                                                                                       203 (1112320113-1212420011)
BBA,ECN 2214/ECO 1302,Introduction to Macroeconomics/Macroeconomics,B,TJT,"December 22, 2024",09:00 AM - 11:00 AM,228 (111183076-1212420010)
BBA,ECN 2214/ECO 1302,Introduction to Macroeconomics/Macroeconomics,C,TaA,"December 22, 2024",09:00 AM - 11:00 AM,205 (111192088-1112230163)                                                                                                                                                                                                                       206 (1112230185-1212410019)
BBA,ECN 2214/ECO 1302,Introduction to Macroeconomics/Macroeconomics,D,MSS,"December 22, 2024",09:00 AM - 11:00 AM,207 (111213040-1112320049)                                                                                                                                                                                                                       208 (1112320064-1212420015)
BBA,FIN 4332,Financial Technology (FinTech),A,MdQ,"December 22, 2024",09:00 AM - 11:00 AM,227 (Computer Lab) (111191071-111221049)
BBA,IBS 3121,International Business,A,PMM,"December 22, 2024",09:00 AM - 11:00 AM,208 (111171117-111222075)                                                                                                                                                                                                                       209 (111222111-121212005)
BBA,IBS 3121,International Business,B,PMM,"December 22, 2024",09:00 AM - 11:00 AM,306 (111191020-111222091)                                                                                                                                                                                                                       308 (111222105-121212006)
BBA,ECN 2111/ECO 1301,Introduction to Microeconomics/Microeconomics,A,MOF,"December 22, 2024",11:30 AM - 01:30 PM,209 (111212036-1112330103)                                                                                                                                                                                                                       201 (1112330104-1212430013)
BBA,ECN 2111/ECO 1301,Introduction to Microeconomics/Microeconomics,B,MOF,"December 22, 2024",11:30 AM - 01:30 PM,211 (111192002-1112330116)                                                                                                                                                                                                                       202 (1112330126-1212430004)
BBA,ECN 2111/ECO 1301,Introduction to Microeconomics/Microeconomics,C,SCT,"December 22, 2024",11:30 AM - 01:30 PM,223 (111212004-1112330049)                                                                                                                                                                                                                       224 (1112330052-1212430011)
BBA,ECN 2111/ECO 1301,Introduction to Microeconomics/Microeconomics,D,TrAd,"December 22, 2024",11:30 AM - 01:30 PM,225 (111222128-1112330055)                                                                                                                                                                                                                       228 (1112330065-1212430012)
BBA,SCM 4203,Inventory Management,A,SdHn,"December 22, 2024",11:30 AM - 01:30 PM,201 (111191070-111201225)                                                                                                                                                                                                                       202 (111201260-111222118)
BBA in AIS,AIS 4303,Corporate Financial Reporting,A,JBS,"December 22, 2024",02:00 PM - 04:00 PM,202 (114191005-1142230011)
BBA,MKT 4306,Marketing Research,A,MHAMn,"December 22, 2024",02:00 PM - 04:00 PM,201 (111151098-111222130)